capture,condition,channel,window_start_sec,window_end_sec,rms_uV,ptp_uV,line_50_ratio_1_50,spectral_entropy_0p5_40,quality_score,quality_warnings,peak_freq,peak_delta,peak_theta,peak_alpha,peak_beta,peak_gamma,delta_abs,delta_rel,theta_abs,theta_rel,alpha_abs,alpha_rel,beta_abs,beta_rel,gamma_abs,gamma_rel,alpha_beta_ratio,theta_alpha_ratio,slow_power_rel,fast_power_rel
20260523-202120_fp1_fp2_ch1_only_quiet_30s,fp1_fp2_ch1_only_quiet_30s,0,0.0,4.0,114.24443968964091,2826.0,0.03352642811432724,0.7386956782819776,1.0,,1.25,1.25,4.0,12.25,21.75,49.5,1.6411474301799277e-10,0.6704379696293177,2.2023440565266567e-11,0.08996967917264122,7.796346810152383e-12,0.03184946598826597,2.6971149688128452e-11,0.1101819525957809,2.388168348131281e-11,0.09756093261399425,0.28906245748893683,2.8248410571715077,0.7604076488019589,0.20774288520977513
20260523-202120_fp1_fp2_ch1_only_quiet_30s,fp1_fp2_ch1_only_quiet_30s,0,0.256,4.256,114.26043934800882,2826.0,0.05038355527434663,0.7315119828611171,1.0,,1.25,1.25,4.0,10.75,21.75,49.5,1.9244470967514575e-10,0.6613540337814771,3.144748244057403e-11,0.10807218031326249,7.53840936021845e-12,0.02590644059320899,2.6507868330683342e-11,0.09109673982225262,3.3047446730076954e-11,0.11357060548979897,0.2843838390238495,4.1716336879405995,0.7694262140947395,0.2046673453120516
20260523-202120_fp1_fp2_ch1_only_quiet_30s,fp1_fp2_ch1_only_quiet_30s,0,0.512,4.512,114.3191934891075,2826.0,0.06407568030147762,0.7274194658826005,1.0,,1.25,1.25,4.0,10.75,22.75,49.5,1.922722546934594e-10,0.6575709528841461,3.0440850200837036e-11,0.10410768264553404,7.878112380390723e-12,0.026943137860223683,2.4233570298731554e-11,0.08287879048658146,3.757294357656842e-11,0.1284994361235148,0.3250908670606858,3.8639776549274476,0.7616786355296802,0.21137822661009625
20260523-202120_fp1_fp2_ch1_only_quiet_30s,fp1_fp2_ch1_only_quiet_30s,0,0.768,4.768,114.33839687524048,2826.0,0.06742444896282332,0.7287909492484667,1.0,,1.25,1.25,4.0,8.25,22.75,49.5,1.9426530636525882e-10,0.6528020579462993,3.034095050817015e-11,0.10195662469210912,8.872892401142039e-12,0.029816144363476793,2.448684771653082e-11,0.08228471095046556,3.96208503549576e-11,0.1331404620476492,0.3623533949268627,3.419510700283589,0.7547586826384084,0.21542517299811476
20260523-202120_fp1_fp2_ch1_only_quiet_30s,fp1_fp2_ch1_only_quiet_30s,0,1.024,5.024,114.29838144085856,2826.0,0.06370044045080724,0.7296770282760592,1.0,,1.25,1.25,4.0,8.0,22.75,49.5,2.0300534414352052e-10,0.6500468552508143,3.4612338856404305e-11,0.1108327572429542,9.277296737324691e-12,0.029706989216318327,2.4287524297604475e-11,0.07777149344562932,4.111089836179771e-11,0.131641904844284,0.38197786746999685,3.730864694361983,0.7608796124937685,0.20941339828991334
20260523-202120_fp1_fp2_ch1_only_quiet_30s,fp1_fp2_ch1_only_quiet_30s,0,1.28,5.28,114.28935208496021,2826.0,0.07324575771239783,0.7366573828468053,1.0,,1.25,1.25,4.0,8.25,22.0,49.25,2.2354889280794724e-10,0.6080709157560419,5.790003585919029e-11,0.15749274078244896,1.2163151950035474e-11,0.03308474871799958,2.3036762773580366e-11,0.0626618421582615,5.098737635838363e-11,0.13868975258524788,0.527988766025092,4.760282211143585,0.7655636565384909,0.2013515947435094
20260523-202120_fp1_fp2_ch1_only_quiet_30s,fp1_fp2_ch1_only_quiet_30s,0,1.536,5.536,114.29645226340142,2826.0,0.11466070799787563,0.7505371369903161,1.0,,1.25,1.25,4.0,8.25,22.5,49.25,2.2032348501164418e-10,0.5728805115902941,4.8105008424667195e-11,0.1250816354639737,9.713476401003522e-12,0.02525677791286322,3.222247699045e-11,0.08378420984953046,7.422445182412803e-11,0.19299686518333853,0.30145033244596225,4.9523987539309156,0.6979621470542677,0.276781075032869
20260523-202120_fp1_fp2_ch1_only_quiet_30s,fp1_fp2_ch1_only_quiet_30s,0,1.792,5.792,53.87480858434673,1451.0,0.11130855477857644,0.7878156781512907,1.0,,1.0,1.0,4.0,8.0,22.5,49.5,1.426929185375521e-10,0.5295193857448646,2.450665940653266e-11,0.09094180263886555,1.1881317868686682e-11,0.04409040199153799,3.89154250185394e-11,0.14441131461190465,5.14799672498682e-11,0.1910370950128272,0.30531127086563736,2.062621308291076,0.6204611883837301,0.3354484096247319
20260523-202120_fp1_fp2_ch1_only_quiet_30s,fp1_fp2_ch1_only_quiet_30s,0,2.048,6.048,27.059249804826443,447.0,0.10796534733578313,0.8206743192198144,1.0,,2.75,2.75,4.0,8.25,22.25,49.5,1.0571955334729362e-10,0.481222194633822,2.5081237026715936e-11,0.11416665644129206,9.087718893063037e-12,0.041366160671988825,3.307371612064881e-11,0.15054742242421776,4.6727461676149664e-11,0.21269756582867924,0.274771630134097,2.759904583521096,0.5953888510751141,0.36324498825289697
20260523-202120_fp1_fp2_ch1_only_quiet_30s,fp1_fp2_ch1_only_quiet_30s,0,2.304,6.304,25.68618305626587,447.0,0.13900891304239568,0.8289136425444821,1.0,,2.75,2.75,4.0,8.25,22.25,49.25,8.681615902375389e-11,0.43699881046364875,2.3673530236747156e-11,0.11916335241349638,8.012808140321797e-12,0.04033336265010287,2.8753132833086924e-11,0.14473209810773036,5.1408890000466484e-11,0.25877237636502176,0.2786760033014999,2.9544611354935575,0.5561621628771451,0.4035044744727521
20260523-202120_fp1_fp2_ch1_only_quiet_30s,fp1_fp2_ch1_only_quiet_30s,0,2.56,6.56,25.514015756050636,447.0,0.15214246662709366,0.8252996193514006,1.0,,2.75,2.75,4.0,8.25,22.0,49.5,8.200855594708671e-11,0.437555833177224,2.0951023059977046e-11,0.11178397479451227,7.737923752912877e-12,0.04128561508816451,2.578858457639157e-11,0.13759473606711126,5.093812171050478e-11,0.271779840872988,0.30005228592485994,2.707576829261235,0.5493398079717363,0.40937457694009927
20260523-202120_fp1_fp2_ch1_only_quiet_30s,fp1_fp2_ch1_only_quiet_30s,0,2.816,6.816,25.349773174527616,447.0,0.14865337186804797,0.8152239403422101,1.0,,2.75,2.75,4.0,8.25,22.0,49.5,7.39466266017316e-11,0.4441728860517871,1.417976133601406e-11,0.08517312831678821,7.239715398656537e-12,0.04348657174226711,2.4730823990117165e-11,0.14854986590925687,4.6384703866767835e-11,0.27861754797990074,0.29274056543969756,1.9586075633091014,0.5293460143685753,0.4271674138891576
20260523-202120_fp1_fp2_ch1_only_quiet_30s,fp1_fp2_ch1_only_quiet_30s,0,3.072,7.072,25.126121865500853,447.0,0.14617432711893405,0.8148211896419264,1.0,,2.75,2.75,4.0,13.0,22.0,49.5,8.56664971102342e-11,0.4506145388953403,2.2569387721472734e-11,0.11871728837207954,6.758446811719745e-12,0.035550121651325796,2.5418298385995168e-11,0.1337028499247583,4.969774084374495e-11,0.26141520115649597,0.26588903431252014,3.339434096357083,0.5693318272674198,0.3951180510812543
20260523-202120_fp1_fp2_ch1_only_quiet_30s,fp1_fp2_ch1_only_quiet_30s,0,3.328,7.328,24.712365325884935,447.0,0.15157904900283478,0.8098737890548745,1.0,,2.75,2.75,4.0,13.0,22.0,49.5,8.565676791921073e-11,0.4594269852226875,2.0911190646681157e-11,0.11215885807508891,6.746811324400728e-12,0.0361870668475285,2.4040722770591153e-11,0.12894435610136992,4.908712101730993e-11,0.26328273375332517,0.28064095197063105,3.0994183238907387,0.5715858432977764,0.3922270898546951
20260523-202120_fp1_fp2_ch1_only_quiet_30s,fp1_fp2_ch1_only_quiet_30s,0,3.584,7.584,24.517340801971162,447.0,0.1519558916071712,0.8173986583093797,1.0,,2.75,2.75,4.0,8.25,22.0,49.5,8.565152490192535e-11,0.4630917061261327,1.9066931079025628e-11,0.10308908865412249,7.494141904674795e-12,0.04051854260109249,2.5101287046936977e-11,0.13571501333850206,4.764197536219354e-11,0.2575856492801501,0.2985560816328452,2.5442447342946366,0.5661807947802552,0.39330066261865215
20260523-202120_fp1_fp2_ch1_only_quiet_30s,fp1_fp2_ch1_only_quiet_30s,0,3.84,7.84,25.32315146264382,507.0,0.13804937155432706,0.8369471341327027,1.0,,2.75,2.75,4.0,8.75,22.0,49.5,7.706839297000794e-11,0.4531343676985558,1.6571388264059478e-11,0.09743378904817829,8.543539355384881e-12,0.05023293148485196,2.7185217651050276e-11,0.15983927958443606,4.070991632791608e-11,0.23935963218397788,0.3142715083266883,1.9396397177727926,0.5505681567467341,0.39919891176841393
20260523-202120_fp1_fp2_ch1_only_quiet_30s,fp1_fp2_ch1_only_quiet_30s,0,4.096,8.096,25.10635377748031,507.0,0.15375963728980335,0.8540750336192785,1.0,,0.5,0.5,6.75,13.0,22.0,49.5,7.228164963128987e-11,0.400896487393036,1.9415257507623896e-11,0.1076830506268399,7.552531609779758e-12,0.04188868694517018,3.113574537950702e-11,0.17268851802193672,4.991484818519176e-11,0.2768432570130171,0.24256787553095474,2.5706952993726127,0.5085795380198759,0.4495317750349538
20260523-202120_fp1_fp2_ch1_only_quiet_30s,fp1_fp2_ch1_only_quiet_30s,0,4.352,8.352,24.879630222332484,507.0,0.18462427692590386,0.8655735104536845,1.0,,0.5,0.5,6.75,13.0,21.5,49.25,5.841320969970524e-11,0.3547469776844083,1.7191970070287977e-11,0.10440788058435077,6.52911578823994e-12,0.03965171756075167,2.9250566101320655e-11,0.1776404681979643,5.327675175571558e-11,0.323552955972525,0.22321331373976902,2.6331237839668384,0.4591548582687591,0.5011934241704893
20260523-202120_fp1_fp2_ch1_only_quiet_30s,fp1_fp2_ch1_only_quiet_30s,0,4.608,8.608,24.83358612846723,507.0,0.20888060154120155,0.8322584989536007,1.0,,0.5,0.5,4.5,8.0,22.0,49.25,5.1034547966562354e-11,0.35592852356397325,9.82145616698769e-12,0.06849744990500557,5.19274920545662e-12,0.036215615334677494,2.9976924676083883e-11,0.20906705292927613,4.7358581991791435e-11,0.3302913582670677,0.17322488085642374,1.8913788781994625,0.4244259734689788,0.5393584111963439
20260523-202120_fp1_fp2_ch1_only_quiet_30s,fp1_fp2_ch1_only_quiet_30s,0,4.864,8.864,24.822973230457304,507.0,0.15904501004084354,0.8684713963595201,1.0,,0.5,0.5,4.0,8.0,22.0,49.5,4.30982198962302e-11,0.3571616979615809,7.883122879577322e-12,0.06532867389160775,8.864052433843225e-12,0.07345779073276415,2.8438776753490057e-11,0.23567659679872993,3.238447795705912e-11,0.26837524061531703,0.3116889488840413,0.889336219343572,0.42249037185318866,0.504051837414047
20260523-202120_fp1_fp2_ch1_only_quiet_30s,fp1_fp2_ch1_only_quiet_30s,0,5.12,9.12,24.840028180338283,507.0,0.18652239908767507,0.8724865152617189,1.0,,0.75,0.75,4.0,8.0,22.0,49.5,4.6846383382287625e-11,0.33845079928471694,9.371959415773733e-12,0.06770954182840602,4.9883734371841435e-12,0.03603947316846595,3.442166126034586e-11,0.2486859801150979,4.278578338478749e-11,0.30911420560331315,0.14491960162686296,1.8787605887549697,0.40616034111312294,0.5578001857184111
20260523-202120_fp1_fp2_ch1_only_quiet_30s,fp1_fp2_ch1_only_quiet_30s,0,5.376,9.376,31.640132743084376,591.0,0.21109475577699247,0.8610711218668657,1.0,,0.75,0.75,4.5,10.0,21.25,49.25,6.939800850860816e-11,0.33402825946309866,2.278037000711784e-11,0.10964705626183911,7.22401270496636e-12,0.03477080167048183,3.261315939076656e-11,0.15697448818778573,7.574533950051921e-11,0.36457939441679466,0.22150606809997145,3.1534233032919228,0.4436753157249378,0.5215538826045804
20260523-202120_fp1_fp2_ch1_only_quiet_30s,fp1_fp2_ch1_only_quiet_30s,0,5.632,9.632,31.749582674422665,591.0,0.20402136713569338,0.8274501055293532,1.0,,0.75,0.75,4.5,8.0,21.0,49.25,8.035532326095267e-11,0.3497078418862218,3.2613327805058454e-11,0.14193380127906272,7.981162189317093e-12,0.03473416435530999,3.315733066645808e-11,0.14430131171794408,7.567129864198226e-11,0.3293228807614614,0.24070581162285265,4.08628806575462,0.49164164316528447,0.47362419247940546
20260523-202120_fp1_fp2_ch1_only_quiet_30s,fp1_fp2_ch1_only_quiet_30s,0,5.888,9.888,35.582622163072806,591.0,0.20539953856166274,0.8371572728713006,1.0,,0.0,0.75,4.5,8.0,20.75,49.25,6.49896781367892e-11,0.33442878271228266,2.4976303656341798e-11,0.1285249453130372,8.659800474902612e-12,0.044562253797553714,2.9298844232484484e-11,0.15076820031210353,6.640577057149896e-11,0.341715817865023,0.29556798917348553,2.8841661801246845,0.46295372802531987,0.4924840181771265
20260523-202120_fp1_fp2_ch1_only_quiet_30s,fp1_fp2_ch1_only_quiet_30s,0,6.144,10.144,35.69652644165816,591.0,0.19938147532316125,0.8832859916975038,1.0,,0.0,0.75,4.5,9.25,15.5,49.25,5.1091853841260853e-11,0.2630223422470977,2.5762892760120834e-11,0.13262811754455126,1.2846495596774664e-11,0.06613413112839427,3.3746537959508376e-11,0.17372815408925943,7.080132204697745e-11,0.3644872549906974,0.38067595592142967,2.005441294557331,0.3956504597916489,0.5382154090799568
20260523-202120_fp1_fp2_ch1_only_quiet_30s,fp1_fp2_ch1_only_quiet_30s,0,6.4,10.4,35.744580008723,591.0,0.21172526939125685,0.8954402418073195,1.0,,0.0,0.75,4.5,9.5,15.0,49.0,4.735782690265302e-11,0.2416709624956685,2.463441896040051e-11,0.1257115059970799,1.4034620902740586e-11,0.07161984752381315,3.5158899485880395e-11,0.17941881278689284,7.477417206115372e-11,0.38157887119654565,0.39917691133582855,1.7552607320935947,0.36738246849274836,0.5609976839834385
20260523-202120_fp1_fp2_ch1_only_quiet_30s,fp1_fp2_ch1_only_quiet_30s,0,6.656,10.656,35.73422728981277,591.0,0.22968526941623046,0.8900893714708246,1.0,,0.0,0.75,4.5,9.25,17.5,49.5,4.544485751611915e-11,0.24283531471615713,2.215709173268174e-11,0.11839677002380475,1.3871734511545882e-11,0.07412383270374232,3.3178790422705295e-11,0.17729139125018215,7.249023020176227e-11,0.3873526913061136,0.41809042267113555,1.5972834337508186,0.3612320847399619,0.5646440825562957
20260523-202120_fp1_fp2_ch1_only_quiet_30s,fp1_fp2_ch1_only_quiet_30s,0,6.912,10.912,35.74736353914789,591.0,0.22852993533986837,0.8772608851208985,1.0,,0.0,1.0,4.5,9.25,15.0,49.5,4.65883706001814e-11,0.25073636830568896,2.1881279489884966e-11,0.11776399308444911,1.31948223705008e-11,0.07101389894080457,3.24528179186056e-11,0.17465950410734632,7.168890484888645e-11,0.3858262355617111,0.406584796537377,1.6583231570289398,0.3685003613901381,0.5604857396690575
20260523-202120_fp1_fp2_ch1_only_quiet_30s,fp1_fp2_ch1_only_quiet_30s,0,7.168,11.168,35.994471797763616,591.0,0.21307943787797123,0.8705956588976136,1.0,,0.75,0.75,4.25,9.5,15.5,49.0,5.6010784272853315e-11,0.2686518983217247,2.5640479531609648e-11,0.12298280749810593,1.3834764378796255e-11,0.0663575017105907,3.508820971942036e-11,0.16829819957371692,7.791408703659731e-11,0.37370959289586175,0.39428527386904816,1.8533369148597378,0.3916347058198306,0.5420077924695786
20260523-202120_fp1_fp2_ch1_only_quiet_30s,fp1_fp2_ch1_only_quiet_30s,0,7.424,11.424,36.00667993581191,591.0,0.2041673138853281,0.8583373060034413,1.0,,0.75,0.75,4.25,9.5,17.75,49.5,6.177959517259446e-11,0.31018624543925294,2.3715384507013737e-11,0.11907145164722667,1.4426524481695555e-11,0.07243345397801645,3.327880771675962e-11,0.16708799061434512,6.596904550304403e-11,0.33122085832115883,0.4335048480246538,1.643873722815494,0.4292576970864796,0.498308848935504
20260523-202120_fp1_fp2_ch1_only_quiet_30s,fp1_fp2_ch1_only_quiet_30s,0,7.68,11.68,35.99423564961479,591.0,0.18602605955397722,0.8423662034355122,1.0,,0.75,0.75,4.5,9.25,17.75,49.5,6.983784577927462e-11,0.35217547714672465,2.458395343303826e-11,0.12397097066534166,1.3273497832211602e-11,0.06693506050056874,3.0412011727045965e-11,0.15336046840297374,6.019680469223702e-11,0.30355802328439113,0.4364557646282648,1.8521081438969982,0.4761464478120663,0.45691849168736487
20260523-202120_fp1_fp2_ch1_only_quiet_30s,fp1_fp2_ch1_only_quiet_30s,0,7.936,11.936,34.820855819465436,575.0,0.1644755616173971,0.8293979123006052,1.0,,0.75,0.75,4.0,9.25,15.5,49.5,7.467872018813236e-11,0.3839450093324725,2.4474854470718515e-11,0.1258323415893817,1.2438493231805775e-11,0.0639499095316111,2.5491911762813206e-11,0.13106132878307242,5.741970804380981e-11,0.2952114107634623,0.48793881555602486,1.9676703612408,0.5097773509218542,0.4262727395465347
20260523-202120_fp1_fp2_ch1_only_quiet_30s,fp1_fp2_ch1_only_quiet_30s,0,8.192,12.192,34.86954258375065,575.0,0.19203654758654637,0.8256431362795359,1.0,,0.75,0.75,4.0,9.25,18.0,49.5,8.201429281136897e-11,0.3813590517713734,2.5448503044211726e-11,0.1183332399422478,1.3641740311666716e-11,0.06343285994959372,3.109787951669099e-11,0.1446023301311904,6.285552624879152e-11,0.2922725182055946,0.4386710773750623,1.8654880141976906,0.49969229171362123,0.43687484833678497
20260523-202120_fp1_fp2_ch1_only_quiet_30s,fp1_fp2_ch1_only_quiet_30s,0,8.448,12.448,34.788546965919686,575.0,0.2020776723424676,0.8184619578430631,1.0,,1.0,1.0,4.0,9.5,17.75,49.25,8.048436656815862e-11,0.38386248661763933,2.468835216331829e-11,0.11774873377275999,1.3203909200388762e-11,0.06297478174773832,2.7559103178674155e-11,0.1314405061032461,6.373405787388912e-11,0.3039734917586162,0.4791124411699377,1.869775972300036,0.5016112203903993,0.4354139978618623
20260523-202120_fp1_fp2_ch1_only_quiet_30s,fp1_fp2_ch1_only_quiet_30s,0,8.704,12.704,34.73647938407115,575.0,0.18725580324740776,0.8311849992053704,1.0,,1.0,1.0,5.25,9.25,22.0,49.25,7.276236169286294e-11,0.36971834693937744,2.3712440960748495e-11,0.1204870797200284,1.3223923453806763e-11,0.06719307902665096,2.229263753460775e-11,0.1132728089971045,6.481348062715432e-11,0.32932868531683873,0.5931968988989101,1.793147173271213,0.4902054266594058,0.44260149431394324
20260523-202120_fp1_fp2_ch1_only_quiet_30s,fp1_fp2_ch1_only_quiet_30s,0,8.96,12.96,34.71221686956913,575.0,0.16725412574626533,0.8325119560633746,1.0,,0.75,0.75,5.5,9.0,18.0,49.25,7.084399007370156e-11,0.3883691837660054,1.9460146736977116e-11,0.10668119195917573,8.915274520496055e-12,0.04887384074461136,2.4559023852888515e-11,0.1346334112168651,5.863560031362821e-11,0.32144237231334255,0.36301420503923987,2.182787158403097,0.4950503757251811,0.4560757835302076
20260523-202120_fp1_fp2_ch1_only_quiet_30s,fp1_fp2_ch1_only_quiet_30s,0,9.216,13.216,34.714924744265254,575.0,0.16713035896050385,0.8331615711812383,1.0,,0.75,0.75,5.5,8.5,18.0,49.25,7.20419101780895e-11,0.39411584067722977,1.7894990925572203e-11,0.09789717367444628,8.126438760663661e-12,0.044456875670754445,2.7649995504478075e-11,0.15126335762100956,5.708040886207076e-11,0.31226675235656004,0.2939038004309092,2.2020704828532756,0.49201301435167605,0.4635301099775696
20260523-202120_fp1_fp2_ch1_only_quiet_30s,fp1_fp2_ch1_only_quiet_30s,0,9.472,13.472,28.51688973222711,521.0,0.16108717815672952,0.7956857140302478,1.0,,1.0,1.0,5.5,10.0,21.0,49.25,6.484535272584169e-11,0.46089995497122094,1.2616080546153399e-11,0.08967105137386579,5.119126450028021e-12,0.03638510781620976,1.93717842473551e-11,0.1376884250297257,3.8740559178964907e-11,0.2753554608089778,0.2642568379175994,2.4644987126825786,0.5505710063450867,0.41304388583870355
20260523-202120_fp1_fp2_ch1_only_quiet_30s,fp1_fp2_ch1_only_quiet_30s,0,9.728,13.728,28.559534309928797,521.0,0.15719356759375094,0.8030821898932383,1.0,,0.75,0.75,5.5,10.0,21.0,49.5,6.4512081899293e-11,0.4629275997420158,1.3328271817012582e-11,0.0956413852926115,5.6744173938030404e-12,0.04071864287604667,2.09482319822086e-11,0.15032090834552703,3.48937385131624e-11,0.25039146374379884,0.2708781055423838,2.3488352886356614,0.5585689850346273,0.40071237208932586
20260523-202120_fp1_fp2_ch1_only_quiet_30s,fp1_fp2_ch1_only_quiet_30s,0,9.984,13.984,23.488827131212833,439.0,0.14365938696372763,0.8240020963158841,1.0,,0.75,0.75,4.0,8.5,21.0,49.5,5.893998661750958e-11,0.4441828130050195,1.4718835928351336e-11,0.11092391298358749,7.169343689972696e-12,0.05402952104956576,2.1557080247972487e-11,0.16245820697005023,3.0307835940442344e-11,0.22840554599177706,0.3325748945359609,2.053024176946299,0.555106725988607,0.3908637529618273
20260523-202120_fp1_fp2_ch1_only_quiet_30s,fp1_fp2_ch1_only_quiet_30s,0,10.24,14.24,29.2426913946032,458.0,0.13610098422763833,0.8456306735461284,1.0,,1.0,1.0,4.0,8.0,23.5,49.25,5.925255109778577e-11,0.40402077091451827,1.810939776445501e-11,0.12348114486274299,8.397886984961695e-12,0.05726202013003309,2.3263755551680838e-11,0.1586267642189035,3.7633598932359044e-11,0.2566092998738021,0.36098586775061503,2.156423133210051,0.5275019157772612,0.41523606409270564
20260523-202120_fp1_fp2_ch1_only_quiet_30s,fp1_fp2_ch1_only_quiet_30s,0,10.496,14.496,29.33489389788209,458.0,0.12293037661979249,0.8675697591795429,1.0,,1.75,1.75,6.0,8.0,23.25,48.5,4.9321338172455384e-11,0.3770403677181706,1.5569423639711323e-11,0.11902153168981003,6.786113623724141e-12,0.05187691313483394,2.3726807341017325e-11,0.18138121340818442,3.540814108944771e-11,0.27067997404900107,0.2860103985416006,2.294306358985926,0.4960618994079806,0.4520611874571855
20260523-202120_fp1_fp2_ch1_only_quiet_30s,fp1_fp2_ch1_only_quiet_30s,0,10.752,14.752,29.409862291415102,458.0,0.14071585572022566,0.8795523586992847,1.0,,1.75,1.75,4.75,8.0,23.0,48.5,4.718520237104096e-11,0.3202527907427621,2.085519443467684e-11,0.1415472199667252,8.361767137721672e-12,0.05675252254592389,2.3782905353435513e-11,0.16141801727405986,4.715229585646015e-11,0.3200294494705291,0.3515872856347128,2.494113276677452,0.4618000107094873,0.48144746674458894
20260523-202120_fp1_fp2_ch1_only_quiet_30s,fp1_fp2_ch1_only_quiet_30s,0,11.008,15.008,29.447937109413964,458.0,0.1700310000480929,0.8993565395412937,1.0,,1.25,1.25,4.0,8.0,18.5,49.25,4.661656937538277e-11,0.24973258624277067,2.5066346920200285e-11,0.13428452003046454,1.18189849777641e-11,0.0633162355104611,3.6239574726019515e-11,0.1941413287578005,6.692446966967692e-11,0.3585253294585033,0.32613475922713386,2.120854453014315,0.3840171062732352,0.5526666582163038
20260523-202120_fp1_fp2_ch1_only_quiet_30s,fp1_fp2_ch1_only_quiet_30s,0,11.264,15.264,29.123581510521674,458.0,0.1626868727623799,0.8855725088130434,1.0,,0.75,0.75,4.25,8.0,18.25,49.5,4.405778661547005e-11,0.2808844954628807,2.1146827912688356e-11,0.13481875838969581,9.277673920664538e-12,0.05914856279593386,2.948520907582129e-11,0.18797898648797687,5.288625313491242e-11,0.33716919686351293,0.31465518514069124,2.2793243321030254,0.4157032538525765,0.5251481833514898
20260523-202120_fp1_fp2_ch1_only_quiet_30s,fp1_fp2_ch1_only_quiet_30s,0,11.52,15.52,29.145600010979358,458.0,0.152543187816232,0.8843465041168763,1.0,,0.75,0.75,4.25,8.0,18.5,49.0,4.5287001333542255e-11,0.2877817494551016,2.1189888890302145e-11,0.13465372217289606,9.436694752646033e-12,0.0599666227619897,2.994888466883427e-11,0.19031382450669443,5.150331682060174e-11,0.32728408110331836,0.3150933618060958,2.2454778336832963,0.42243547162799766,0.5175979056100128
20260523-202120_fp1_fp2_ch1_only_quiet_30s,fp1_fp2_ch1_only_quiet_30s,0,11.776,15.776,29.217255175666313,458.0,0.15687960203172693,0.8949909555494929,1.0,,0.75,0.75,4.25,8.0,18.5,48.5,4.2789913820872575e-11,0.26132622247901516,2.1924352688918648e-11,0.13389623294118413,1.0456143446547305e-11,0.0638576763679305,3.3595618806455146e-11,0.2051748968527568,5.497534175469683e-11,0.33574497135911346,0.31123532823685435,2.096791498796646,0.3952224554201993,0.5409198682118703
20260523-202120_fp1_fp2_ch1_only_quiet_30s,fp1_fp2_ch1_only_quiet_30s,0,12.032,16.032,28.90465360456686,441.0,0.13682852203174425,0.8974576285554557,1.0,,0.75,0.75,4.0,8.0,15.5,48.75,3.8493828164077925e-11,0.2412125655120124,2.5353290855372118e-11,0.15887046373588554,1.0382511305314394e-11,0.06505957728437704,3.375201476911505e-11,0.21149910159507235,5.1603026966502595e-11,0.3233582918726527,0.3076116011543987,2.44192277858583,0.40008302924789796,0.534857393467725
20260523-202120_fp1_fp2_ch1_only_quiet_30s,fp1_fp2_ch1_only_quiet_30s,0,12.288,16.288,28.863800858514807,441.0,0.1527627899992654,0.8880377887887924,1.0,,0.75,0.75,4.75,8.0,23.0,49.25,3.75425181782061e-11,0.27928255784389305,2.1081498973195858e-11,0.15682738511225985,8.041164051787596e-12,0.0598190258246793,2.3454650331218517e-11,0.17448149606649063,4.4305026459017894e-11,0.3295895351526771,0.34283879479050167,2.621697410651549,0.4361099429561529,0.5040710312191677
20260523-202120_fp1_fp2_ch1_only_quiet_30s,fp1_fp2_ch1_only_quiet_30s,0,12.544,16.544,28.902266347122332,441.0,0.1606136783920942,0.9004277307560734,1.0,,1.0,1.0,4.75,8.0,18.5,48.5,3.860690349570375e-11,0.238262001214637,2.596280756022843e-11,0.16022912811795223,9.797150055738416e-12,0.06046298374434748,3.2402731390714606e-11,0.19997303401530597,5.526591168581697e-11,0.3410728529077573,0.30235568531564927,2.650036736450864,0.39849112933258923,0.5410458869230632
20260523-202120_fp1_fp2_ch1_only_quiet_30s,fp1_fp2_ch1_only_quiet_30s,0,12.8,16.8,28.891988508927522,441.0,0.16282644892638604,0.8948913834254889,1.0,,0.75,0.75,4.75,8.0,18.75,49.25,4.105381585761529e-11,0.2528405609948492,2.5010831297234035e-11,0.15403568423633288,9.69309672066082e-12,0.059697447397562706,3.1705645851902805e-11,0.1952674341333389,5.4906981925304715e-11,0.3381588732379163,0.30572147200335587,2.5802725401391577,0.40687624523118204,0.5334263073712553
20260523-202120_fp1_fp2_ch1_only_quiet_30s,fp1_fp2_ch1_only_quiet_30s,0,13.056,17.056,28.899948096839204,441.0,0.15686217849728656,0.8837362984428974,1.0,,0.75,0.75,4.75,8.0,18.5,49.25,4.165344343058899e-11,0.2676112606672837,2.4980102346164942e-11,0.16048989302876573,9.316838962907526e-12,0.05985798087624025,2.7983826791456945e-11,0.1797879490668272,5.1714856922604007e-11,0.33225291636088317,0.3329365576888083,2.6811778593164983,0.4281011536960494,0.5120408654277104
20260523-202120_fp1_fp2_ch1_only_quiet_30s,fp1_fp2_ch1_only_quiet_30s,0,13.312,17.312,28.92334697091607,441.0,0.15658228425172815,0.8879904624353104,1.0,,0.75,0.75,4.25,8.0,18.75,48.5,4.236655083710321e-11,0.2576599058977265,2.645532048187036e-11,0.16089285653821203,9.290684289133125e-12,0.05650299097671847,3.1521532434594675e-11,0.19170394852481043,5.479409759018424e-11,0.3332402980625326,0.2947408825510228,2.8475104371821027,0.41855276243593853,0.5249442465873431
20260523-202120_fp1_fp2_ch1_only_quiet_30s,fp1_fp2_ch1_only_quiet_30s,0,13.568,17.568,28.85267751873299,441.0,0.16757047000419226,0.8838987576788374,1.0,,1.0,1.0,4.25,8.0,18.25,48.5,4.5126598197237e-11,0.2746386222198712,2.579795197906173e-11,0.1570052756172017,8.635127756501957e-12,0.052553032678706736,3.1041291389091296e-11,0.18891602379963043,5.371167480836215e-11,0.3268870456845899,0.27818197536512806,2.987558807064175,0.4316438978370729,0.5158030694842204
20260523-202120_fp1_fp2_ch1_only_quiet_30s,fp1_fp2_ch1_only_quiet_30s,0,13.824,17.824,28.769602013236124,441.0,0.17495992773623176,0.8601439232039854,1.0,,1.0,1.0,4.75,8.0,17.0,49.25,5.248336818048066e-11,0.33459872401394264,2.217515475803158e-11,0.14137390080098938,7.719107056158817e-12,0.04921184483884447,2.802158409498443e-11,0.17864680961002516,4.645544318720158e-11,0.2961687207361983,0.27547004587583096,2.8727616545153065,0.475972624814932,0.4748155303462235
20260523-202120_fp1_fp2_ch1_only_quiet_30s,fp1_fp2_ch1_only_quiet_30s,0,14.08,18.08,26.91049980955389,433.0,0.17950282747526214,0.8507567745087584,1.0,,1.0,1.0,4.75,12.75,22.0,49.25,5.044969677166328e-11,0.3491831909547937,1.9442065302839323e-11,0.13456656502661257,8.02763894300822e-12,0.05556260515577647,2.3539851612684674e-11,0.16292903677741144,4.301991497725857e-11,0.29775860208540583,0.3410233452228921,2.4218908499581504,0.4837497559814063,0.4606876388628173
20260523-202120_fp1_fp2_ch1_only_quiet_30s,fp1_fp2_ch1_only_quiet_30s,0,14.336,18.336,22.78387587747089,433.0,0.16344461110661024,0.8626527611728549,1.0,,0.75,0.75,4.75,12.75,16.75,49.25,3.972742693048908e-11,0.3227009604683019,1.646013831710961e-11,0.13370366154511426,7.73717140999904e-12,0.06284808350873576,2.0907412470767115e-11,0.16982831777724802,3.827695743529972e-11,0.3109189767006001,0.3700683391987031,2.1274103215339846,0.45640462201341614,0.48074729447784814
20260523-202120_fp1_fp2_ch1_only_quiet_30s,fp1_fp2_ch1_only_quiet_30s,0,14.592,18.592,22.54302552897459,433.0,0.17685435808811983,0.8830149967360366,1.0,,0.75,0.75,4.75,10.75,17.0,49.25,3.218994875124342e-11,0.2762644921258105,1.560757018130572e-11,0.13394918652331853,7.860028197736853e-12,0.06745728969383474,2.080306518449731e-11,0.17853859545623793,4.0057976460585464e-11,0.34379043620079824,0.37783029222031367,1.9856888281647167,0.41021367864912905,0.5223290316570361
20260523-202120_fp1_fp2_ch1_only_quiet_30s,fp1_fp2_ch1_only_quiet_30s,0,14.848,18.848,22.50877606623692,433.0,0.18118833507924784,0.891284071770955,1.0,,0.75,0.75,7.0,8.0,16.25,49.5,2.9069065772203513e-11,0.26346549273361636,1.5441329128540266e-11,0.13995143219232598,7.2137256307383705e-12,0.06538110968688121,2.0358035141294437e-11,0.18451366141660622,3.825132849850556e-11,0.34668830397057016,0.3543429206537707,2.1405484376538104,0.40341692492594233,0.5312019653871763
20260523-202120_fp1_fp2_ch1_only_quiet_30s,fp1_fp2_ch1_only_quiet_30s,0,15.104,19.104,28.760841434144446,433.0,0.18216223537636497,0.8740447048365818,1.0,,0.75,0.75,5.25,8.0,16.75,49.5,3.648960720711466e-11,0.2725040893855342,1.9906837186900017e-11,0.14866409795457006,7.590852360413056e-12,0.05668842359396716,2.4082796107421045e-11,0.1798501251564771,4.583471307847521e-11,0.34229326390945153,0.31519813258203666,2.622477192510801,0.4211681873401043,0.5221433890659286
20260523-202120_fp1_fp2_ch1_only_quiet_30s,fp1_fp2_ch1_only_quiet_30s,0,15.36,19.36,28.792603216798582,433.0,0.19711898561040517,0.8594796406172365,1.0,,0.5,0.5,5.25,8.75,16.5,49.0,3.879233059930354e-11,0.27971099455797344,2.0404437258177155e-11,0.14712561350936126,6.96088743443223e-12,0.05019128052404502,2.3064913646629856e-11,0.16630890270894008,4.9464616599540765e-11,0.35666320869968027,0.30179551248609704,2.9312982648226744,0.4268366080673347,0.5229721114086203
20260523-202120_fp1_fp2_ch1_only_quiet_30s,fp1_fp2_ch1_only_quiet_30s,0,15.616,19.616,28.759972183574863,433.0,0.21358579192870913,0.8554120644017302,1.0,,0.5,0.5,5.0,8.5,16.5,49.0,3.971250288508252e-11,0.2892118376596702,1.8441278928163327e-11,0.13430118426537413,6.5785528962621264e-12,0.04790922843052535,2.2243074858375842e-11,0.16198829304735016,5.033744458926231e-11,0.3665894565970801,0.29575735091252053,2.8032424788499446,0.4235130219250443,0.5285777496444303
20260523-202120_fp1_fp2_ch1_only_quiet_30s,fp1_fp2_ch1_only_quiet_30s,0,15.872,19.872,26.105076134729046,391.0,0.20103760513875818,0.847764573200894,1.0,,0.0,0.75,5.75,10.5,17.0,49.5,4.1489377390521886e-11,0.33775882360111076,1.2018655995434174e-11,0.09784208309695294,5.922569755839055e-12,0.04821475566140219,2.1980021752432017e-11,0.1789360736833867,4.142666162924904e-11,0.3372482639571474,0.2694524064874386,2.029297499381074,0.43560090669806373,0.5161843376405342
20260523-202120_fp1_fp2_ch1_only_quiet_30s,fp1_fp2_ch1_only_quiet_30s,0,16.128,20.128,26.307052286411718,391.0,0.20112671054289868,0.8642375999313613,1.0,,0.0,0.75,7.5,8.25,17.0,49.25,3.558527491720645e-11,0.3025222434161806,1.2729187357181397e-11,0.10821505032963515,6.1788180229239804e-12,0.05252818460175696,2.1153651132371756e-11,0.17983421546966957,4.1981691561359415e-11,0.35690030618275764,0.2920922721216878,2.060133072369982,0.41073729374581575,0.5367345216524272
20260523-202120_fp1_fp2_ch1_only_quiet_30s,fp1_fp2_ch1_only_quiet_30s,0,16.384,20.384,26.36243539584308,391.0,0.20951829343741807,0.8723656737772129,1.0,,0.0,0.5,7.5,8.0,17.0,49.0,3.188244784388497e-11,0.27411216545970096,1.3472244047727135e-11,0.1158288098707687,6.317227041024488e-12,0.054312918267595524,1.9585962668094212e-11,0.16839204649068026,4.5053803400248193e-11,0.38735405991125466,0.32253850107226706,2.132619891645099,0.3899409753304697,0.5557461064019349
20260523-202120_fp1_fp2_ch1_only_quiet_30s,fp1_fp2_ch1_only_quiet_30s,0,16.64,20.64,26.684770937746496,391.0,0.18371327753912844,0.8648691460404913,1.0,,0.0,0.5,7.5,8.0,17.0,49.0,4.6059783435837404e-11,0.3013854128766455,2.206437368148814e-11,0.14437498129194132,9.087931493507184e-12,0.0594655419772174,2.1050776761337714e-11,0.13774265904718783,5.456398512536604e-11,0.357031404807008,0.43171478167011224,2.427876321168563,0.4457603941685868,0.49477406385419587
20260523-202120_fp1_fp2_ch1_only_quiet_30s,fp1_fp2_ch1_only_quiet_30s,0,16.896,20.896,26.775623242046112,391.0,0.15753347259197092,0.8318227697298164,1.0,,0.0,1.25,7.5,8.25,24.5,49.0,5.940317308844417e-11,0.38914776840833315,1.858879188665402e-11,0.12177441884001894,8.163671102501451e-12,0.05347987702320301,1.9212225321023848e-11,0.1258585058865972,4.728153790645579e-11,0.30973942984184766,0.4249206412110931,2.277013815629856,0.510922187248352,0.43559793572844485
20260523-202120_fp1_fp2_ch1_only_quiet_30s,fp1_fp2_ch1_only_quiet_30s,0,17.152,21.152,26.93414190205435,391.0,0.16107821021718655,0.7920203794133343,1.0,,1.0,1.0,7.5,8.0,16.75,49.0,6.536671287146199e-11,0.45241922796109757,1.2826544313867852e-11,0.08877569363630003,5.4343500777782054e-12,0.037612484377077066,1.7672638869478774e-11,0.12231671568198968,4.3182368291313634e-11,0.2988758783435356,0.3075007709891875,2.3602719976243947,0.5411949215973976,0.4211925940255252
20260523-202120_fp1_fp2_ch1_only_quiet_30s,fp1_fp2_ch1_only_quiet_30s,0,17.408,21.408,27.082946663906423,391.0,0.17502823192811418,0.7875480132348636,1.0,,0.5,0.5,7.25,8.0,17.0,49.0,6.446667702013224e-11,0.44853603184966634,1.2961782536104743e-11,0.09018343698135908,5.1590163312324746e-12,0.03589458648126069,1.781179748337122e-11,0.12392810258866374,4.3327590119446824e-11,0.30145784209905013,0.2896404102982218,2.5124523172440143,0.5387194688310254,0.42538594468771385
20260523-202120_fp1_fp2_ch1_only_quiet_30s,fp1_fp2_ch1_only_quiet_30s,0,17.664,21.664,27.29452326017071,391.0,0.18106961502357663,0.7842724674067653,1.0,,0.0,0.5,7.25,8.0,24.75,49.25,7.007095002880282e-11,0.46152560500493794,1.465240377075497e-11,0.0965087459538453,5.1650944017630445e-12,0.03402013698546161,1.9018008090488696e-11,0.12526300394591014,4.29181646369754e-11,0.2826825081098451,0.27158966266010875,2.8368123854142033,0.5580343509587833,0.40794551205575524
20260523-202120_fp1_fp2_ch1_only_quiet_30s,fp1_fp2_ch1_only_quiet_30s,0,17.92,21.92,30.601094751658806,452.0,0.15086750893781456,0.789116508510053,1.0,,0.5,0.5,7.5,8.0,24.5,49.5,8.741646383749543e-11,0.467433947601659,2.5125132993077774e-11,0.13434929283805627,7.655519603275588e-12,0.04093564978507052,2.2250518895797147e-11,0.11897813554872522,4.456587596113131e-11,0.23830297422648908,0.3440602728919559,3.281963118783918,0.6017832404397153,0.3572811097752143
20260523-202120_fp1_fp2_ch1_only_quiet_30s,fp1_fp2_ch1_only_quiet_30s,0,18.176,22.176,30.718300734252864,452.0,0.1701289025607552,0.8049872944380528,1.0,,1.0,1.0,4.5,8.0,14.5,49.5,9.111977012976043e-11,0.4326170918476606,2.410029675509243e-11,0.11442303113809568,8.548856851554166e-12,0.040588135642512894,2.689832017949795e-11,0.1277074452127159,5.995728259227753e-11,0.2846642961590148,0.31782121688290976,2.819125079946922,0.5470401229857563,0.4123717413717307
20260523-202120_fp1_fp2_ch1_only_quiet_30s,fp1_fp2_ch1_only_quiet_30s,0,18.432,22.432,30.72310205692127,452.0,0.17048367886413968,0.794583027294644,1.0,,1.0,1.0,5.5,8.0,21.5,49.0,8.132228420365588e-11,0.43661821177987165,2.6840317909274282e-11,0.14410529320355425,7.721599045130933e-12,0.041457157778835116,2.1164693937358982e-11,0.11363294711024043,4.920601138717039e-11,0.26418639012749845,0.3648339573435129,3.476005132149303,0.5807235049834258,0.37781933723773886
20260523-202120_fp1_fp2_ch1_only_quiet_30s,fp1_fp2_ch1_only_quiet_30s,0,18.688,22.688,30.76579269253435,452.0,0.19062342962344792,0.8095375237669059,1.0,,0.0,1.25,4.0,8.0,16.25,49.25,9.389458064668318e-11,0.4088986324002105,2.599183504236112e-11,0.11319104605606185,6.8473722075428195e-12,0.029819411428388704,2.442784525492631e-11,0.10638007485021111,7.846638026473994e-11,0.34171083526512797,0.2803101188862298,3.7958846480887147,0.5220896784562724,0.4480909101153391
20260523-202120_fp1_fp2_ch1_only_quiet_30s,fp1_fp2_ch1_only_quiet_30s,0,18.944,22.944,26.819768828235638,426.0,0.1648431343096114,0.8139275372598515,1.0,,0.0,0.75,4.0,8.0,24.5,49.25,9.56803423292731e-11,0.41312606976678723,2.4804971068829603e-11,0.10710225276032716,8.09837983681308e-12,0.034966971814832146,2.6938734575035155e-11,0.11631536079977031,7.607840624848884e-11,0.3284893448582832,0.30062213257478193,3.0629547599228184,0.5202283225271144,0.4448047056580535
20260523-202120_fp1_fp2_ch1_only_quiet_30s,fp1_fp2_ch1_only_quiet_30s,0,19.2,23.2,25.042184409511883,426.0,0.15364885767405542,0.806537386630326,1.0,,0.75,0.75,4.0,8.0,24.5,49.25,8.592544919285041e-11,0.42243399266707565,2.1683585657982212e-11,0.10660268582689156,6.683019281082679e-12,0.032855627110456934,2.4282366721181454e-11,0.11937903405558595,6.483120152675063e-11,0.3187286603399899,0.2752210835879147,3.2445792456952742,0.5290366784939672,0.43810769439557584
20260523-202120_fp1_fp2_ch1_only_quiet_30s,fp1_fp2_ch1_only_quiet_30s,0,19.456,23.456,25.067548743345448,426.0,0.1610350436603039,0.7817748814798171,1.0,,0.75,0.75,4.0,8.0,16.5,49.5,9.501657967644522e-11,0.4539857543737156,2.211656253534299e-11,0.10567212965307599,5.9891513451238944e-12,0.028615946824577892,2.321954877253151e-11,0.11094215769090894,6.2952345342861e-11,0.3007840114577216,0.2579357335405673,3.692770688346243,0.5596578840267916,0.4117261691486305
20260523-202120_fp1_fp2_ch1_only_quiet_30s,fp1_fp2_ch1_only_quiet_30s,0,19.712,23.712,27.195973966747356,426.0,0.16181335626436313,0.7404783961593769,1.0,,0.75,0.75,4.75,8.0,16.25,49.5,1.0667021728397501e-10,0.5235754930162767,2.2304215873312682e-11,0.10947705104155178,5.845662242161212e-12,0.02869259638140803,1.9354524332984416e-11,0.09499891232770738,4.955954794118407e-11,0.24325594723305605,0.30203078833608443,3.815515667745207,0.6330525440578285,0.3382548595607634
20260523-202120_fp1_fp2_ch1_only_quiet_30s,fp1_fp2_ch1_only_quiet_30s,0,19.968,23.968,31.083950842838494,459.0,0.1538580464362217,0.7402458465358064,1.0,,0.75,0.75,5.25,8.0,16.0,50.0,1.2115848189805742e-10,0.5388233612619817,2.4436892999087043e-11,0.10867723512453967,8.62570730261752e-12,0.03836076954124425,2.1201076508417813e-11,0.09428671544638498,4.943535603336992e-11,0.21985191862584938,0.40685232654071657,2.8330306306210424,0.6475005963865214,0.31413863407223436
20260523-202120_fp1_fp2_ch1_only_quiet_30s,fp1_fp2_ch1_only_quiet_30s,0,20.224,24.224,31.019800128305146,459.0,0.20569535623326374,0.7673607745699005,1.0,,0.75,0.75,5.25,8.0,16.0,49.75,1.0531542441328603e-10,0.4718657855259921,2.415909771111968e-11,0.10824484336046165,1.2135378889059731e-11,0.05437256815934472,2.1700299616104523e-11,0.097228197878399,5.987916304910868e-11,0.26828860507580254,0.5592263288408081,1.9907987984536315,0.5801106288864538,0.3655168029542015
20260523-202120_fp1_fp2_ch1_only_quiet_30s,fp1_fp2_ch1_only_quiet_30s,0,20.48,24.48,30.737013517907037,459.0,0.1992443353133828,0.8058637543613936,1.0,,0.75,0.75,5.25,8.25,16.0,49.75,8.039660335170481e-11,0.41115323915334745,2.5940901255683534e-11,0.13266338543150974,1.5207024877929238e-11,0.07776967279443606,2.019802744212941e-11,0.10329397090335672,5.379671090675182e-11,0.27511973171734994,0.7528965351443255,1.7058498597798009,0.5438166245848572,0.37841370262070667
20260523-202120_fp1_fp2_ch1_only_quiet_30s,fp1_fp2_ch1_only_quiet_30s,0,20.736,24.736,30.63855414343177,459.0,0.20646745676109934,0.8074408590987302,1.0,,0.0,0.75,5.25,8.25,16.0,49.75,7.414119202185012e-11,0.4123615295530526,2.463446685874471e-11,0.13701299043859722,1.2666214134718703e-11,0.07044747045205065,2.0302659885987397e-11,0.11292016834735875,4.805204536391635e-11,0.2672578412089409,0.6238696902695366,1.9448958147028674,0.5493745199916498,0.38017800955629966
20260523-202120_fp1_fp2_ch1_only_quiet_30s,fp1_fp2_ch1_only_quiet_30s,0,20.992,24.992,30.474694420125036,459.0,0.20042177897513483,0.8055825953841854,1.0,,0.75,0.75,5.25,8.25,16.0,49.75,7.728075880450591e-11,0.41116304678110055,2.4720114167936277e-11,0.13152041485225052,1.4456557900508467e-11,0.07691438961380749,1.9260488912616644e-11,0.10247313078068963,5.223855978991723e-11,0.27792901797215186,0.7505810452733965,1.709958507278335,0.5426834616333511,0.3804021487528415
20260523-202120_fp1_fp2_ch1_only_quiet_30s,fp1_fp2_ch1_only_quiet_30s,0,21.248,25.248,30.3538465437249,459.0,0.20713703056945465,0.8114901358030457,1.0,,0.75,0.75,4.25,8.25,19.75,49.75,7.111778715428997e-11,0.4076221228580716,2.3045625292180024e-11,0.13208941222833628,1.2440551279001183e-11,0.07130486091854257,1.9032371755509034e-11,0.10908685560158933,4.8833555053033365e-11,0.27989674839346035,0.6536521794978175,1.852460134228898,0.5397115350864079,0.38898360399504966
20260523-202120_fp1_fp2_ch1_only_quiet_30s,fp1_fp2_ch1_only_quiet_30s,0,21.504,25.504,30.212464315245786,459.0,0.20877244368617615,0.8217538901100735,1.0,,1.25,1.25,4.25,8.5,16.25,49.5,6.270180088691521e-11,0.4117906083368676,2.215732895955732e-11,0.14551703208384661,1.2158963453497553e-11,0.0798533197840951,1.624149501384785e-11,0.10666511993993301,3.9006635386994717e-11,0.25617391985525767,0.7486357286155343,1.8223041005344673,0.5573076404207142,0.36283903979519067
20260523-202120_fp1_fp2_ch1_only_quiet_30s,fp1_fp2_ch1_only_quiet_30s,0,21.76,25.76,30.137451783453756,459.0,0.22777136032084339,0.8333054767619438,1.0,,1.0,1.0,4.25,8.5,19.5,49.5,5.3370695351171515e-11,0.4162660459677516,1.5586722724853862e-11,0.12156902576552614,1.1468874003575061e-11,0.08945176377706185,1.7863790074816425e-11,0.13932906834946404,2.9922862110814384e-11,0.23338409614019653,0.6420179567461088,1.3590455976755165,0.5378350717332777,0.3727131644896606
20260523-202120_fp1_fp2_ch1_only_quiet_30s,fp1_fp2_ch1_only_quiet_30s,0,22.016,26.016,26.681566670643612,435.0,0.20172504032237965,0.8287486822406515,1.0,,1.0,1.0,5.75,8.5,20.25,49.75,6.095324485833442e-11,0.4138505453308549,1.9982428439485675e-11,0.13567348097605292,1.4757196908250157e-11,0.10019604374186253,1.6722410583197813e-11,0.11353913569634334,3.4867948738930435e-11,0.23674079425488628,0.8824802402039903,1.354080220228972,0.5495240263069079,0.35027992995122964
20260523-202120_fp1_fp2_ch1_only_quiet_30s,fp1_fp2_ch1_only_quiet_30s,0,22.272,26.272,26.644230144629812,435.0,0.19944754568003947,0.8362451480094577,1.0,,0.75,0.75,6.25,8.75,20.0,49.75,5.535973194552124e-11,0.40666644923708267,1.6635914954487858e-11,0.12220558565943328,1.2969229770917966e-11,0.09527052308470879,1.9896163222440924e-11,0.14615500774233925,3.126952128122019e-11,0.229702434276436,0.6518457667400891,1.2827218923819224,0.5288720348965159,0.37585744201877525
20260523-202120_fp1_fp2_ch1_only_quiet_30s,fp1_fp2_ch1_only_quiet_30s,0,22.528,26.528,26.656350087737067,435.0,0.1729951734636901,0.8606686383607967,1.0,,1.0,1.0,6.25,10.5,14.25,49.5,3.782455525501444e-11,0.3054800533493516,1.6946710779512208e-11,0.13686564397436282,2.0269579228177824e-11,0.16370191538925752,1.9949223814247935e-11,0.16111464930567065,2.8829980187467862e-11,0.23283773798135748,1.0160585402676714,0.8360662344659667,0.4423456973237144,0.39395238728702814
20260523-202120_fp1_fp2_ch1_only_quiet_30s,fp1_fp2_ch1_only_quiet_30s,0,22.784,26.784,26.517880759970243,435.0,0.18002011476424537,0.8615094914663411,1.0,,1.0,1.0,5.75,8.5,19.5,49.5,3.809011088998082e-11,0.32783070105074935,1.628914727725457e-11,0.14019603636349404,1.5541359313752626e-11,0.13376003902496597,1.6136580310773632e-11,0.13888293607551908,3.013116030861143e-11,0.2593302874852716,0.9631135602737584,1.0481159947727499,0.4680267374142434,0.3982132235607907
20260523-202120_fp1_fp2_ch1_only_quiet_30s,fp1_fp2_ch1_only_quiet_30s,0,23.04,27.04,26.413367827673927,435.0,0.21577764216645787,0.8684388616497202,1.0,,1.0,1.0,6.75,8.25,20.25,49.5,2.7797491875865293e-11,0.2957443600740992,1.1030585469351764e-11,0.11735711464344287,1.2335906118022658e-11,0.1312447424070058,1.3732254974031744e-11,0.1461008416804498,2.909538280243904e-11,0.3095529411950024,0.8983161280758594,0.894185264042839,0.4131014747175421,0.45565378287545216
20260523-202120_fp1_fp2_ch1_only_quiet_30s,fp1_fp2_ch1_only_quiet_30s,0,23.296,27.296,26.407120251932053,435.0,0.2269538013113756,0.8864087100158693,1.0,,0.0,1.0,6.25,8.25,20.25,49.75,2.41926466560421e-11,0.26435421831112255,1.0450740268053085e-11,0.11419574359152485,1.1630870797799929e-11,0.12709108688040816,1.4650785942264448e-11,0.16008984550037325,3.059097908214443e-11,0.33426910571657126,0.7938735057378254,0.8985346368072393,0.3785499619026474,0.4943589512169445
20260523-202120_fp1_fp2_ch1_only_quiet_30s,fp1_fp2_ch1_only_quiet_30s,0,23.552,27.552,26.451729622087097,435.0,0.20941344327893965,0.8873192627811983,1.0,,1.0,1.0,6.25,8.5,20.25,49.5,3.232928884915188e-11,0.284716970803949,1.4166813623739989e-11,0.1247640268153062,1.281678711042788e-11,0.11287463880034762,2.013904448439063e-11,0.17736015682980602,3.409693082033752e-11,0.3002842067505912,0.6364148567406918,1.1053326782820407,0.40948099761925516,0.4776443635803972
20260523-202120_fp1_fp2_ch1_only_quiet_30s,fp1_fp2_ch1_only_quiet_30s,0,23.808,27.808,21.943267760294955,496.0,0.22701269096436757,0.8497353563656312,1.0,,0.75,0.75,4.0,8.5,20.25,49.5,3.5342445696703767e-11,0.3285350843331594,1.012186703125318e-11,0.09409050146837841,8.731555657559208e-12,0.08116649308690693,2.0400410329988273e-11,0.18963742876511921,3.2979585726613575e-11,0.306570492346436,0.4280088251325005,1.1592283698598809,0.42262558580153786,0.4962079211115552
20260523-202120_fp1_fp2_ch1_only_quiet_30s,fp1_fp2_ch1_only_quiet_30s,0,24.064,28.064,24.697509995948984,496.0,0.18476491464453126,0.8478994834437038,1.0,,0.25,0.5,4.0,8.5,20.25,49.5,3.914421786533943e-11,0.3392284119322782,1.5179043549299263e-11,0.13154338287185574,8.193945871808628e-12,0.07100970199774828,2.175427111056449e-11,0.18852508094472406,3.112044187986045e-11,0.26969342225339366,0.3766591778765419,1.85247056629004,0.47077179480413395,0.45821850319811774
20260523-202120_fp1_fp2_ch1_only_quiet_30s,fp1_fp2_ch1_only_quiet_30s,0,24.32,28.32,24.73095226634025,496.0,0.16633428883472237,0.8499196180047738,1.0,,0.25,1.0,4.0,9.0,21.25,49.5,3.915231717113447e-11,0.3670807918633162,1.2785331455192403e-11,0.11987156658679575,8.26242115450441e-12,0.07746606891353529,1.7459006610146083e-11,0.1636905918897774,2.8999506784665803e-11,0.27189098074657536,0.47324692286345815,1.5474073780688662,0.486952358450112,0.4355815726363528
20260523-202120_fp1_fp2_ch1_only_quiet_30s,fp1_fp2_ch1_only_quiet_30s,0,24.576,28.576,31.05852539963866,595.0,0.15385385335352617,0.850893747740009,1.0,,1.0,1.0,4.0,9.5,14.25,49.5,3.6664894126483315e-11,0.3757538356609213,1.0204855195465393e-11,0.10458269615704975,7.940692520075184e-12,0.08137881598482666,1.6078702215957576e-11,0.16477980297049047,2.6687755089282486e-11,0.27350484922671175,0.4938640204552275,1.2851341579674682,0.48033653181797104,0.43828465219720225
20260523-202120_fp1_fp2_ch1_only_quiet_30s,fp1_fp2_ch1_only_quiet_30s,0,24.832,28.832,32.80182921728604,595.0,0.13000661977302783,0.8443948684405743,1.0,,0.75,0.75,4.0,9.5,13.5,49.25,5.504998317478407e-11,0.39862317951480686,1.6523292532310204e-11,0.1196470375725704,1.1632734401592062e-11,0.08423395078779859,2.302013530281403e-11,0.16669141383992392,3.187416085214789e-11,0.23080441828490014,0.5053286719896061,1.4204134610043893,0.5182702170873773,0.3974958321248241
20260523-202120_fp1_fp2_ch1_only_quiet_30s,fp1_fp2_ch1_only_quiet_30s,0,25.088,29.088,32.84405577878591,595.0,0.1348179570845137,0.8380324367663868,1.0,,0.75,0.75,4.0,9.0,13.5,49.25,5.7470630728727493e-11,0.39690657259562373,1.8286520408853372e-11,0.12629129084100837,1.2452502828508413e-11,0.08600010397014865,2.2732950303751076e-11,0.15699944955603704,3.3853765195373094e-11,0.23380258303718232,0.5477732833671691,1.4685016065195122,0.5231978634366321,0.39080203259321933
