capture,condition,channel,window_start_sec,quality_score,valid,activity,calmness,tension,rhythmic_density,register,harmonic_stability,velocity_factor,note_probability,rms_uV,alpha_beta_ratio,beta_over_alpha_beta,theta_alpha_ratio,slow_power,fast_power,dominant_band
20260523-202120_fp1_fp2_ch1_only_quiet_30s,fp1_fp2_ch1_only_quiet_30s,0,0.0,1.0,True,0.29425858686537637,0.007142000649399664,0.6401182675910106,0.41530947511934835,0.3983050847457627,0.13060090676525604,0.5059810108057634,0.48224758009547875,15.64568194623849,0.28906245748893683,0.7757576013352647,2.8248410571715077,0.7604076488019589,0.20774288520977513,delta
20260523-202120_fp1_fp2_ch1_only_quiet_30s,fp1_fp2_ch1_only_quiet_30s,0,0.256,1.0,True,0.29681578581324053,0.006888941180202687,0.6411015379639634,0.4173157990659935,0.3891525423728814,0.13009227347974456,0.5077710500692684,0.48385263925279487,17.058309310617464,0.2843838390238495,0.778583449595152,4.1716336879405995,0.7694262140947395,0.2046673453120516,delta
20260523-202120_fp1_fp2_ch1_only_quiet_30s,fp1_fp2_ch1_only_quiet_30s,0,0.512,1.0,True,0.29959831758857747,0.006838747717700437,0.6390010335194307,0.41838926816437605,0.3816474576271187,0.13079482428470457,0.5097188223120043,0.48471141453150096,17.099641257932493,0.3250908670606858,0.7546652270037092,3.8639776549274476,0.7616786355296802,0.21137822661009625,delta
20260523-202120_fp1_fp2_ch1_only_quiet_30s,fp1_fp2_ch1_only_quiet_30s,0,0.768,1.0,True,0.302522289289378,0.007035241663009128,0.6344733507793356,0.4187051608108632,0.36023905084745766,0.1325072343081885,0.5117656025025646,0.48496412864869065,17.250705705740256,0.3623533949268627,0.7340239351367154,3.419510700283589,0.7547586826384084,0.21542517299811476,delta
20260523-202120_fp1_fp2_ch1_only_quiet_30s,fp1_fp2_ch1_only_quiet_30s,0,1.024,1.0,True,0.30510254490801836,0.007246877137349363,0.6292057411445307,0.4185386635907976,0.3411587335593221,0.13448846073869142,0.5135717814356129,0.48483093087263823,17.671825100895823,0.38197786746999685,0.723600589799175,3.730864694361983,0.7608796124937685,0.20941339828991334,delta
20260523-202120_fp1_fp2_ch1_only_quiet_30s,fp1_fp2_ch1_only_quiet_30s,0,1.28,1.0,True,0.3093365843056626,0.00800024732487941,0.6151830693980014,0.41638285408798115,0.3270382971118645,0.13988608647187117,0.5165356090139639,0.483106283270385,19.173842070621557,0.527988766025092,0.6544550733778981,4.760282211143585,0.7655636565384909,0.2013515947435094,delta
20260523-202120_fp1_fp2_ch1_only_quiet_30s,fp1_fp2_ch1_only_quiet_30s,0,1.536,1.0,True,0.32097999356374307,0.007613227653817611,0.6220437939142187,0.4263523236864095,0.3154595392249493,0.13723327010500497,0.5246859954946202,0.4910818589491277,19.61093823996937,0.30145033244596225,0.7683735407031757,4.9523987539309156,0.6979621470542677,0.276781075032869,delta
20260523-202120_fp1_fp2_ch1_only_quiet_30s,fp1_fp2_ch1_only_quiet_30s,0,1.792,1.0,True,0.32981007673214985,0.008099134485656228,0.6272717606522042,0.4339216661041688,0.3044395340288652,0.13571932118740515,0.530867053712505,0.49713733288333517,16.415732943770102,0.30531127086563736,0.7661007932089099,2.062621308291076,0.6204611883837301,0.3354484096247319,delta
20260523-202120_fp1_fp2_ch1_only_quiet_30s,fp1_fp2_ch1_only_quiet_30s,0,2.048,1.0,True,0.3366019435669906,0.008246224435633205,0.6349813655016329,0.4410347412441153,0.29692855349688985,0.1331165679575902,0.5356213604968935,0.5028277929952923,14.82193263592407,0.274771630134097,0.7844542319235612,2.759904583521096,0.5953888510751141,0.36324498825289697,delta
20260523-202120_fp1_fp2_ch1_only_quiet_30s,fp1_fp2_ch1_only_quiet_30s,0,2.304,1.0,True,0.3447411372010483,0.008344157281483404,0.6426170126485425,0.4489976936076712,0.29076954946067,0.13050774780597443,0.541318796040734,0.5091981548861371,14.094840198965587,0.2786760033014999,0.7820589401948804,2.9544611354935575,0.5561621628771451,0.4035044744727521,delta
20260523-202120_fp1_fp2_ch1_only_quiet_30s,fp1_fp2_ch1_only_quiet_30s,0,2.56,1.0,True,0.3512472889882182,0.008557379812117153,0.6474948004589629,0.45493391800297883,0.2857191661509698,0.12893911671723923,0.5458731022917529,0.5139471344023832,13.690296163592407,0.30005228592485994,0.7691998320536836,2.707576829261235,0.5493398079717363,0.40937457694009927,delta
20260523-202120_fp1_fp2_ch1_only_quiet_30s,fp1_fp2_ch1_only_quiet_30s,0,2.816,1.0,True,0.3568292427783555,0.008789604353655117,0.6523672277646639,0.4602675375235634,0.2815778518370156,0.12738471311224359,0.549780469944849,0.5182140300188508,12.902776104129188,0.29274056543969756,0.7735504143127623,1.9586075633091014,0.5293460143685753,0.4271674138891576,delta
20260523-202120_fp1_fp2_ch1_only_quiet_30s,fp1_fp2_ch1_only_quiet_30s,0,3.072,1.0,True,0.36012417505226924,0.008551534730572258,0.6581061204502983,0.46441785594157936,0.3071650249470308,0.1252213554172677,0.5520869225365885,0.5215342847532636,13.788051743200226,0.26588903431252014,0.789958655844722,3.339434096357083,0.5693318272674198,0.3951180510812543,delta
20260523-202120_fp1_fp2_ch1_only_quiet_30s,fp1_fp2_ch1_only_quiet_30s,0,3.328,1.0,True,0.36233875917084934,0.00843967114869167,0.6615688917090028,0.46706930555920306,0.32814650689724323,0.1239366741484987,0.5536371314195946,0.5236554444473626,13.654399059577601,0.28064095197063105,0.7808589897544345,3.0994183238907387,0.5715858432977764,0.3922270898546951,delta
20260523-202120_fp1_fp2_ch1_only_quiet_30s,fp1_fp2_ch1_only_quiet_30s,0,3.584,1.0,True,0.36422319011245285,0.00859736998488305,0.662651974246118,0.4686732645592357,0.31636827124895983,0.12366009950403281,0.5549562330787171,0.5249386116473886,13.599847804102673,0.2985560816328452,0.7700861088239594,2.5442447342946366,0.5661807947802552,0.39330066261865215,delta
20260523-202120_fp1_fp2_ch1_only_quiet_30s,fp1_fp2_ch1_only_quiet_30s,0,3.84,1.0,True,0.36528583384060676,0.009211969119018431,0.6615579673215153,0.46898108055892473,0.30976096547499454,0.12444249136483178,0.5557000836884249,0.52518486444714,13.041413058730203,0.3142715083266883,0.7608777894519111,1.9396397177727926,0.5505681567467341,0.39919891176841393,delta
20260523-202120_fp1_fp2_ch1_only_quiet_30s,fp1_fp2_ch1_only_quiet_30s,0,4.096,1.0,True,0.3720203294801936,0.009025728607002334,0.6683329318799425,0.47572974032010573,0.3302751781301735,0.12195019743657176,0.5604142306361357,0.5305837922560848,13.427584753535994,0.24256787553095474,0.8047850098877176,2.5706952993726127,0.5085795380198759,0.4495317750349538,delta
20260523-202120_fp1_fp2_ch1_only_quiet_30s,fp1_fp2_ch1_only_quiet_30s,0,4.352,1.0,True,0.3815098043644961,0.00870352150033156,0.6774036318365354,0.48507264397970984,0.3470968325074202,0.11856601783242825,0.5670568630551475,0.538058115183768,12.832054138573037,0.22321331373976902,0.8175188977775806,2.6331237839668384,0.4591548582687591,0.5011934241704893,delta
20260523-202120_fp1_fp2_ch1_only_quiet_30s,fp1_fp2_ch1_only_quiet_30s,0,4.608,1.0,True,0.39139003468005273,0.008099380188792084,0.6901000845943431,0.4959385521500544,0.3303821145204914,0.11372956751469487,0.5739730242760371,0.5467508417200436,11.97431668225298,0.17322488085642374,0.8523515110470117,1.8913788781994625,0.4244259734689788,0.5393584111963439,delta
20260523-202120_fp1_fp2_ch1_only_quiet_30s,fp1_fp2_ch1_only_quiet_30s,0,4.864,1.0,True,0.39405155184002216,0.00978345364150537,0.6853257029167024,0.4959975047168602,0.3166760457712097,0.11649524884613277,0.5758360862880156,0.5467980037734883,10.98492830746746,0.3116889488840413,0.7623758672721496,0.889336219343572,0.42249037185318866,0.504051837414047,delta
20260523-202120_fp1_fp2_ch1_only_quiet_30s,fp1_fp2_ch1_only_quiet_30s,0,5.12,1.0,True,0.4033194994287128,0.008843545272663303,0.6988682113270143,0.5067615485931183,0.30543706939679877,0.11114443046277624,0.5823236496000991,0.5554092388744948,11.764954775959781,0.14491960162686296,0.8734237745388822,1.8787605887549697,0.40616034111312294,0.5578001857184111,delta
20260523-202120_fp1_fp2_ch1_only_quiet_30s,fp1_fp2_ch1_only_quiet_30s,0,5.376,1.0,True,0.4129881908764105,0.00838665837558817,0.7040840486689715,0.5148717411038067,0.30842449860029025,0.10902191090999241,0.5890917336134874,0.5618973928830455,14.413913074248024,0.22150606809997145,0.8186615082070489,3.1534233032919228,0.4436753157249378,0.5215538826045804,gamma
20260523-202120_fp1_fp2_ch1_only_quiet_30s,fp1_fp2_ch1_only_quiet_30s,0,5.632,1.0,True,0.4177574391315551,0.008090021656288929,0.7052675124924046,0.5183859648078524,0.2986708007166448,0.10841488470424629,0.5924302073920886,0.564708771846282,15.158444595794403,0.24070581162285265,0.8059928394196904,4.08628806575462,0.49164164316528447,0.47362419247940546,delta
20260523-202120_fp1_fp2_ch1_only_quiet_30s,fp1_fp2_ch1_only_quiet_30s,0,5.888,1.0,True,0.42099690080084295,0.00846375771845974,0.7017692911131056,0.5192672374101348,0.29067276845205553,0.10988219062741196,0.5946978305605901,0.565413789928108,13.940243795286259,0.29556798917348553,0.77186223212634,2.8841661801246845,0.46295372802531987,0.4924840181771265,gamma
20260523-202120_fp1_fp2_ch1_only_quiet_30s,fp1_fp2_ch1_only_quiet_30s,0,6.144,1.0,True,0.4282244808975434,0.010222457154793033,0.6928690990235697,0.5208500972416527,0.29174150063916016,0.11414041249236614,0.5997571366282805,0.5666800777933222,13.937327656500086,0.38067595592142967,0.7242829106330422,2.005441294557331,0.3956504597916489,0.5382154090799568,gamma
20260523-202120_fp1_fp2_ch1_only_quiet_30s,fp1_fp2_ch1_only_quiet_30s,0,6.4,1.0,True,0.43658413698552445,0.01206030439815482,0.6848071508128963,0.5234621918251046,0.2941432847613995,0.11815669507428703,0.6056088958898672,0.5687697534600837,13.998569152339401,0.39917691133582855,0.7147059045173152,1.7552607320935947,0.36738246849274836,0.5609976839834385,gamma
20260523-202120_fp1_fp2_ch1_only_quiet_30s,fp1_fp2_ch1_only_quiet_30s,0,6.656,1.0,True,0.4431770575316989,0.013823108228668411,0.6770315662156365,0.525026135571077,0.29458732401282217,0.12202397217316177,0.6102239402721893,0.5700209084568617,13.680011125171438,0.41809042267113555,0.7051736504308436,1.5972834337508186,0.3612320847399619,0.5646440825562957,gamma
20260523-202120_fp1_fp2_ch1_only_quiet_30s,fp1_fp2_ch1_only_quiet_30s,0,6.912,1.0,True,0.4481250600815001,0.01502983504959038,0.6714312554395114,0.5262822284568041,0.2949514361989888,0.12476845337840481,0.6136875420570501,0.5710257827654434,13.631074617507572,0.406584796537377,0.7109418518226936,1.6583231570289398,0.3685003613901381,0.5604857396690575,gamma
20260523-202120_fp1_fp2_ch1_only_quiet_30s,fp1_fp2_ch1_only_quiet_30s,0,7.168,1.0,True,0.45211342543491756,0.015702167654590114,0.6673058959517196,0.5274307901157982,0.29677543192045897,0.12664934539238182,0.6164793978044424,0.5719446320926387,14.439124798244418,0.39428527386904816,0.7172133412990911,1.8533369148597378,0.3916347058198306,0.5420077924695786,gamma
20260523-202120_fp1_fp2_ch1_only_quiet_30s,fp1_fp2_ch1_only_quiet_30s,0,7.424,1.0,True,0.45039660872590914,0.016818593317532205,0.6595678814992696,0.5236065541965852,0.2982711084120645,0.1300833271316517,0.6152776261081365,0.5688852433572683,14.112737416288429,0.4335048480246538,0.6975909438840118,1.643873722815494,0.4292576970864796,0.498308848935504,gamma
20260523-202120_fp1_fp2_ch1_only_quiet_30s,fp1_fp2_ch1_only_quiet_30s,0,7.68,1.0,True,0.44486515669954296,0.017452030842150645,0.6520204864054899,0.5173695220966243,0.29797213940636746,0.13313664980547651,0.6114056096896803,0.5638956176772996,14.08204933466033,0.4364557646282648,0.696157880123964,1.8521081438969982,0.4761464478120663,0.45691849168736487,delta
20260523-202120_fp1_fp2_ch1_only_quiet_30s,fp1_fp2_ch1_only_quiet_30s,0,7.936,1.0,True,0.4370479241089569,0.01808545475196932,0.6420625825687238,0.5088030545698752,0.2977269848216959,0.13703364168972682,0.6059335468762699,0.5570424436559003,13.94645789070758,0.48793881555602486,0.6720706453384536,1.9676703612408,0.5097773509218542,0.4262727395465347,delta
20260523-202120_fp1_fp2_ch1_only_quiet_30s,fp1_fp2_ch1_only_quiet_30s,0,8.192,1.0,True,0.433251196443057,0.018311555955206744,0.6371054999009425,0.5046002026533167,0.29752595806226523,0.13891558640555463,0.6032758375101399,0.5536801621226535,14.664853969021648,0.4386710773750623,0.6950859134665794,1.8654880141976906,0.49969229171362123,0.43687484833678497,delta
20260523-202120_fp1_fp2_ch1_only_quiet_30s,fp1_fp2_ch1_only_quiet_30s,0,8.448,1.0,True,0.42961732407333797,0.018687245590322428,0.6307252373073504,0.5000050937052423,0.2988865398483456,0.14139287657613703,0.6007321268513366,0.5500040749641939,14.479978901380656,0.4791124411699377,0.6760811228143572,1.869775972300036,0.5016112203903993,0.4354139978618623,delta
20260523-202120_fp1_fp2_ch1_only_quiet_30s,fp1_fp2_ch1_only_quiet_30s,0,8.704,1.0,True,0.4264151831885967,0.01982679562973841,0.619434835755826,0.493972061587127,0.298476793184118,0.14608522464479096,0.5984906282320177,0.5451776492697017,14.028714989947591,0.5931968988989101,0.6276688089749475,1.793147173271213,0.4902054266594058,0.44260149431394324,delta
20260523-202120_fp1_fp2_ch1_only_quiet_30s,fp1_fp2_ch1_only_quiet_30s,0,8.96,1.0,True,0.4240522076844013,0.018600972003889802,0.6251566926763672,0.4944387774315894,0.2966153771906378,0.14328578936579994,0.5968365453790809,0.5455510219452716,13.506074022368287,0.36301420503923987,0.7336680691202052,2.182787158403097,0.4950503757251811,0.4560757835302076,delta
20260523-202120_fp1_fp2_ch1_only_quiet_30s,fp1_fp2_ch1_only_quiet_30s,0,9.216,1.0,True,0.42293961429895593,0.017070465441677292,0.6351612086658712,0.49721717232737633,0.2920381686183569,0.1387893795040354,0.5960577300092692,0.5477737378619011,13.520123676611624,0.2939038004309092,0.7728549832389859,2.2020704828532756,0.49201301435167605,0.4635301099775696,delta
20260523-202120_fp1_fp2_ch1_only_quiet_30s,fp1_fp2_ch1_only_quiet_30s,0,9.472,1.0,True,0.4135375056682336,0.015366730110872542,0.6446458942833591,0.49442544168352753,0.29743739996196794,0.13436231157289155,0.5894762539677636,0.5455403533468222,11.861403928217904,0.2642568379175994,0.7909785179737603,2.4644987126825786,0.5505710063450867,0.41304388583870355,delta
20260523-202120_fp1_fp2_ch1_only_quiet_30s,fp1_fp2_ch1_only_quiet_30s,0,9.728,1.0,True,0.4045905642454344,0.014162915712827927,0.6509312095267958,0.4908097900939109,0.301864769663729,0.1313799718789597,0.5832133949718041,0.5426478320751288,11.804945641784192,0.2708781055423838,0.7868575244421153,2.3488352886356614,0.5585689850346273,0.40071237208932586,delta
20260523-202120_fp1_fp2_ch1_only_quiet_30s,fp1_fp2_ch1_only_quiet_30s,0,9.984,1.0,True,0.3957667564242211,0.014040767939247245,0.6500476599748404,0.48476507266693786,0.2963426704462917,0.13160981816931666,0.5770367294969548,0.5378120581335504,11.51924834458605,0.3325748945359609,0.7504268646330818,2.053024176946299,0.555106725988607,0.3908637529618273,delta
20260523-202120_fp1_fp2_ch1_only_quiet_30s,fp1_fp2_ch1_only_quiet_30s,0,10.24,1.0,True,0.3923379029089451,0.014247286462744039,0.6480826701050417,0.481848571427579,0.28876370163036597,0.13243180166401913,0.5746365320362616,0.5354788571420632,12.110210168747788,0.36098586775061503,0.7347614870153865,2.156423133210051,0.5275019157772612,0.41523606409270564,delta
20260523-202120_fp1_fp2_ch1_only_quiet_30s,fp1_fp2_ch1_only_quiet_30s,0,10.496,1.0,True,0.3918005932586968,0.013759523727619074,0.6531464797734294,0.48327165353885326,0.28254894720130685,0.1303424225022522,0.5742604152810878,0.5366173228310827,11.437299675463429,0.2860103985416006,0.7775986890384108,2.294306358985926,0.4960618994079806,0.4520611874571855,delta
20260523-202120_fp1_fp2_ch1_only_quiet_30s,fp1_fp2_ch1_only_quiet_30s,0,10.752,1.0,True,0.3959134937710717,0.01394014709372976,0.6536425723859195,0.4861186712862684,0.2774528485694784,0.1302861952758526,0.5771394456397503,0.5388949370290148,12.138260384146287,0.3515872856347128,0.7398708249358907,2.494113276677452,0.4618000107094873,0.48144746674458894,delta
20260523-202120_fp1_fp2_ch1_only_quiet_30s,fp1_fp2_ch1_only_quiet_30s,0,11.008,1.0,True,0.40976237250194963,0.014233752315816035,0.6574800708401608,0.4964635669203235,0.2732740476913791,0.12913391421122422,0.5868336607513648,0.5471708535362589,13.66257463544275,0.32613475922713386,0.7540711779388937,2.120854453014315,0.3840171062732352,0.5526666582163038,gamma
20260523-202120_fp1_fp2_ch1_only_quiet_30s,fp1_fp2_ch1_only_quiet_30s,0,11.264,1.0,True,0.41593927641969264,0.01421991342047911,0.6608061743447038,0.5016426906934465,0.2698474309713376,0.1279607827026652,0.5911574934937849,0.5513141525547574,12.524126742394323,0.31465518514069124,0.7606557303380931,2.2793243321030254,0.4157032538525765,0.5251481833514898,gamma
20260523-202120_fp1_fp2_ch1_only_quiet_30s,fp1_fp2_ch1_only_quiet_30s,0,11.52,1.0,True,0.42037883661385267,0.014246544824918498,0.6631412192169608,0.5053456705249404,0.26703760526090364,0.12716082741026086,0.5942651856296969,0.5542765364199526,12.544552063183701,0.3150933618060958,0.7604022870457235,2.2454778336832963,0.42243547162799766,0.5175979056100128,gamma
20260523-202120_fp1_fp2_ch1_only_quiet_30s,fp1_fp2_ch1_only_quiet_30s,0,11.776,1.0,True,0.42695784540514425,0.014410477684815454,0.6656827226383845,0.5105115524367783,0.26473354817834777,0.1263778575716956,0.598870491783601,0.5584092419494228,12.796146705844322,0.31123532823685435,0.7626396104968647,2.096791498796646,0.3952224554201993,0.5409198682118703,gamma
20260523-202120_fp1_fp2_ch1_only_quiet_30s,fp1_fp2_ch1_only_quiet_30s,0,12.032,1.0,True,0.43145723041549006,0.014571503427522715,0.6676251746536426,0.5141160108988434,0.26284422137065194,0.12580266609911495,0.6020200612908431,0.5612928087190748,12.632682694518296,0.3076116011543987,0.7647530804357764,2.44192277858583,0.40008302924789796,0.534857393467725,gamma
20260523-202120_fp1_fp2_ch1_only_quiet_30s,fp1_fp2_ch1_only_quiet_30s,0,12.288,1.0,True,0.4298664033724013,0.014697652948977244,0.666553374241632,0.512706843176632,0.2612949733883414,0.12625979343226412,0.600906482360681,0.5601654745413057,11.594173450204458,0.34283879479050167,0.7446910261121429,2.621697410651549,0.4361099429561529,0.5040710312191677,gamma
20260523-202120_fp1_fp2_ch1_only_quiet_30s,fp1_fp2_ch1_only_quiet_30s,0,12.544,1.0,True,0.4348497186253003,0.014578757550139326,0.6694212622979131,0.5169497589107147,0.2600245900428467,0.1251787506033211,0.6043948030377103,0.5635598071285719,12.729316721183514,0.30235568531564927,0.7678393938548304,2.650036736450864,0.39849112933258923,0.5410458869230632,gamma
20260523-202120_fp1_fp2_ch1_only_quiet_30s,fp1_fp2_ch1_only_quiet_30s,0,12.8,1.0,True,0.43827518259003395,0.014470540788364666,0.6713830114436456,0.519862922688798,0.2589828756995411,0.12442179750716119,0.6067926278130238,0.5658903381510385,12.742463327501383,0.30572147200335587,0.7658601175193877,2.5802725401391577,0.40687624523118204,0.5334263073712553,gamma
20260523-202120_fp1_fp2_ch1_only_quiet_30s,fp1_fp2_ch1_only_quiet_30s,0,13.056,1.0,True,0.4384346832001895,0.014557047163483397,0.6705273227663118,0.5196671070483323,0.25812866993803046,0.1247775176880552,0.6069042782401327,0.5657336856386659,12.475939582000324,0.3329365576888083,0.750223252732851,2.6811778593164983,0.4281011536960494,0.5120408654277104,gamma
20260523-202120_fp1_fp2_ch1_only_quiet_30s,fp1_fp2_ch1_only_quiet_30s,0,13.312,1.0,True,0.4406903185534446,0.014252047696101753,0.6730482205150455,0.5220155842400049,0.25742822121359177,0.1236969538222003,0.6084832229874113,0.567612467392004,12.822955417254073,0.2947408825510228,0.772355313308463,2.8475104371821027,0.41855276243593853,0.5249442465873431,gamma
20260523-202120_fp1_fp2_ch1_only_quiet_30s,fp1_fp2_ch1_only_quiet_30s,0,13.568,1.0,True,0.44168258810625954,0.01374544320724268,0.6763274890617498,0.5238083034406811,0.256853853259552,0.12221991691309543,0.6091778116743818,0.5690466427525449,12.818449365280268,0.27818197536512806,0.7823612124636609,2.987558807064175,0.4316438978370729,0.5158030694842204,gamma
20260523-202120_fp1_fp2_ch1_only_quiet_30s,fp1_fp2_ch1_only_quiet_30s,0,13.824,1.0,True,0.43783445841318647,0.013184401300874749,0.6781501695099824,0.521944957297065,0.25638287153723943,0.12121730151707483,0.6064841208892306,0.5675559658376521,12.524162937172969,0.27547004587583096,0.7840246842558645,2.8727616545153065,0.475972624814932,0.4748155303462235,delta
20260523-202120_fp1_fp2_ch1_only_quiet_30s,fp1_fp2_ch1_only_quiet_30s,0,14.08,1.0,True,0.4322104885388006,0.013354540022520137,0.6741831296377714,0.5169009129234404,0.28497971737240074,0.12271635564141818,0.6025473419771605,0.5635207303387524,12.019948735641682,0.3410233452228921,0.7456991733646611,2.4218908499581504,0.4837497559814063,0.4606876388628173,delta
20260523-202120_fp1_fp2_ch1_only_quiet_30s,fp1_fp2_ch1_only_quiet_30s,0,14.336,1.0,True,0.4275731839579493,0.01400637729914663,0.6691274956389512,0.5121171930463,0.308429130957233,0.12490952177081245,0.5993012287705646,0.5596937544370401,11.095454319840382,0.3700683391987031,0.7298905984358133,2.1274103215339846,0.45640462201341614,0.48074729447784814,delta
20260523-202120_fp1_fp2_ch1_only_quiet_30s,fp1_fp2_ch1_only_quiet_30s,0,14.592,1.0,True,0.42730954139612265,0.014814908934289231,0.6655731476450067,0.5107018035832321,0.31545426026628703,0.12667908913153572,0.5991166789772859,0.5585614428665857,10.79437764650509,0.37783029222031367,0.7257787883183192,1.9856888281647167,0.41021367864912905,0.5223290316570361,gamma
20260523-202120_fp1_fp2_ch1_only_quiet_30s,fp1_fp2_ch1_only_quiet_30s,0,14.848,1.0,True,0.4274214343642366,0.015227297798545507,0.6645753826782472,0.5104253162741403,0.3044352052827622,0.12729635963166813,0.5991950040549657,0.5583402530193123,10.503974684436466,0.3543429206537707,0.7383654351833409,2.1405484376538104,0.40341692492594233,0.5312019653871763,gamma
20260523-202120_fp1_fp2_ch1_only_quiet_30s,fp1_fp2_ch1_only_quiet_30s,0,15.104,1.0,True,0.42919195481043004,0.01493183729150516,0.6667635778521815,0.512342022875043,0.29539958019627177,0.12633844199121488,0.6004343683673011,0.5598736183000346,11.57172441515628,0.31519813258203666,0.7603417121894342,2.622477192510801,0.4211681873401043,0.5221433890659286,gamma
20260523-202120_fp1_fp2_ch1_only_quiet_30s,fp1_fp2_ch1_only_quiet_30s,0,15.36,1.0,True,0.43128753451539054,0.014338560396815863,0.6702024607210035,0.5149077586873552,0.29256663881179035,0.12474920300557912,0.6019012741607734,0.5619262069498843,11.776552362133986,0.30179551248609704,0.768169801173793,2.9312982648226744,0.4268366080673347,0.5229721114086203,gamma
20260523-202120_fp1_fp2_ch1_only_quiet_30s,fp1_fp2_ch1_only_quiet_30s,0,15.616,1.0,True,0.43350818209714653,0.013725975070910258,0.6738951564832458,0.5176436231322814,0.28871820314770197,0.12305857902695569,0.6034557274680026,0.5641148985058252,11.718056756866565,0.29575735091252053,0.771749432323111,2.8032424788499446,0.4235130219250443,0.5285777496444303,gamma
20260523-202120_fp1_fp2_ch1_only_quiet_30s,fp1_fp2_ch1_only_quiet_30s,0,15.872,1.0,True,0.432713750282416,0.01309742041080534,0.6781697029254156,0.5186233337074659,0.297765875733658,0.12115392724312807,0.6028996251976912,0.5648986669659728,11.083198388708748,0.2694524064874386,0.7877412299076159,2.029297499381074,0.43560090669806373,0.5161843376405342,delta
20260523-202120_fp1_fp2_ch1_only_quiet_30s,fp1_fp2_ch1_only_quiet_30s,0,16.128,1.0,True,0.43364489245784305,0.012877312443816303,0.6803947164419186,0.5200073308522696,0.2914561536948199,0.12023210233380914,0.6035514247204902,0.5660058646818157,10.845673007750278,0.2920922721216878,0.7739385348645731,2.060133072369982,0.41073729374581575,0.5367345216524272,gamma
20260523-202120_fp1_fp2_ch1_only_quiet_30s,fp1_fp2_ch1_only_quiet_30s,0,16.384,1.0,True,0.43625502751911066,0.012943630237137257,0.680749931933431,0.5218282440641229,0.2847567578941591,0.12015088347743842,0.6053785192633775,0.5674625952512983,10.784789520476465,0.32253850107226706,0.7561216548211983,2.132619891645099,0.3899409753304697,0.5557461064019349,gamma
20260523-202120_fp1_fp2_ch1_only_quiet_30s,fp1_fp2_ch1_only_quiet_30s,0,16.64,1.0,True,0.43616519138284776,0.01384136631444753,0.6716467667178322,0.5185837427500923,0.27926325333761726,0.12392051975314969,0.6053156339679935,0.5648669942000739,12.362315741702139,0.43171478167011224,0.6984631386067114,2.427876321168563,0.4457603941685868,0.49477406385419587,gamma
20260523-202120_fp1_fp2_ch1_only_quiet_30s,fp1_fp2_ch1_only_quiet_30s,0,16.896,1.0,True,0.43026993477942554,0.014220569125810387,0.6629592277340055,0.5117111873135285,0.27628400333006653,0.12720764022487488,0.6011889543455979,0.5593689498508229,12.355136555501089,0.4249206412110931,0.7017934691046982,2.277013815629856,0.510922187248352,0.43559793572844485,delta
20260523-202120_fp1_fp2_ch1_only_quiet_30s,fp1_fp2_ch1_only_quiet_30s,0,17.152,1.0,True,0.42327582882420045,0.013253107602858893,0.6645198766315806,0.5077112455567835,0.2723155945950613,0.12603256312080513,0.5962930801769404,0.5561689964454268,12.020092113786001,0.3075007709891875,0.7648179046481165,2.3602719976243947,0.5411949215973976,0.4211925940255252,delta
20260523-202120_fp1_fp2_ch1_only_quiet_30s,fp1_fp2_ch1_only_quiet_30s,0,17.408,1.0,True,0.4179464885830285,0.012318630319832609,0.6674178132752919,0.5052614522253206,0.2690614994323571,0.12441087506153914,0.59256254200812,0.5542091617802566,11.988613910302037,0.2896404102982218,0.7754099452904852,2.5124523172440143,0.5387194688310254,0.42538594468771385,delta
20260523-202120_fp1_fp2_ch1_only_quiet_30s,fp1_fp2_ch1_only_quiet_30s,0,17.664,1.0,True,0.4127007017006523,0.011409177676362693,0.670703256008796,0.5030015957085024,0.2663931413989396,0.12266982588655727,0.5888904911904567,0.552401276566802,12.321713392575925,0.27158966266010875,0.7864172141048761,2.8368123854142033,0.5580343509587833,0.40794551205575524,delta
20260523-202120_fp1_fp2_ch1_only_quiet_30s,fp1_fp2_ch1_only_quiet_30s,0,17.92,1.0,True,0.40662569159733314,0.011241735414276933,0.6656936294389798,0.4972994698419093,0.26420508781153723,0.12431435771563719,0.5846379841181333,0.5478395758735276,13.67528834397203,0.3440602728919559,0.744014253052871,3.281963118783918,0.6017832404397153,0.3572811097752143,delta
20260523-202120_fp1_fp2_ch1_only_quiet_30s,fp1_fp2_ch1_only_quiet_30s,0,18.176,1.0,True,0.4090569790533375,0.010980190967723751,0.6653879623173741,0.4987728231957502,0.26241088386986733,0.12425133731793961,0.5863398853373363,0.5490182585566002,14.51290896092794,0.31782121688290976,0.7588282744144871,2.819125079946922,0.5470401229857563,0.4123717413717307,delta
20260523-202120_fp1_fp2_ch1_only_quiet_30s,fp1_fp2_ch1_only_quiet_30s,0,18.432,1.0,True,0.4055483776684571,0.010998501956718282,0.6606361788650107,0.49482910808725084,0.260939636637698,0.12592636366911322,0.5838838643679201,0.5458632864698008,13.647523822385894,0.3648339573435129,0.7326898591678751,3.476005132149303,0.5807235049834258,0.37781933723773886,delta
20260523-202120_fp1_fp2_ch1_only_quiet_30s,fp1_fp2_ch1_only_quiet_30s,0,18.688,1.0,True,0.4131506136803567,0.010193926651020604,0.6664960067974185,0.5018215012713284,0.2597332139073191,0.123352449944067,0.5892054295762498,0.5514572010170627,15.15348189084784,0.2803101188862298,0.7810607642955911,3.7958846480887147,0.5220896784562724,0.4480909101153391,delta
20260523-202120_fp1_fp2_ch1_only_quiet_30s,fp1_fp2_ch1_only_quiet_30s,0,18.944,1.0,True,0.41912491733832213,0.009813809963316366,0.6690685880009709,0.5066052020702493,0.2587439472684085,0.12220497067581589,0.5933874421368255,0.5552841616561994,15.218437306715819,0.30062213257478193,0.768862819529094,3.0629547599228184,0.5202283225271144,0.4448047056580535,delta
20260523-202120_fp1_fp2_ch1_only_quiet_30s,fp1_fp2_ch1_only_quiet_30s,0,19.2,1.0,True,0.421045130396037,0.009323699736588533,0.6730320699232002,0.5092405592305441,0.2579327486245017,0.12049918035566257,0.594731591277226,0.5573924473844354,14.262034300191798,0.2752210835879147,0.7841777499316968,3.2445792456952742,0.5290366784939672,0.43810769439557584,delta
20260523-202120_fp1_fp2_ch1_only_quiet_30s,fp1_fp2_ch1_only_quiet_30s,0,19.456,1.0,True,0.4204522466052418,0.008701603433166975,0.6771877783392231,0.5103096827121352,0.25726756573649817,0.11864031981283055,0.5943165726236693,0.5582477461697083,14.46700341025413,0.2579357335405673,0.7949531707619508,3.692770688346243,0.5596578840267916,0.4117261691486305,delta
20260523-202120_fp1_fp2_ch1_only_quiet_30s,fp1_fp2_ch1_only_quiet_30s,0,19.712,1.0,True,0.41219898467382254,0.008333357568734746,0.6746476554090299,0.5040560194311451,0.25672211576833526,0.11929000302651718,0.5885392892716759,0.5532448155449162,14.273547830641736,0.30203078833608443,0.7680309935449791,3.815515667745207,0.6330525440578285,0.3382548595607634,delta
20260523-202120_fp1_fp2_ch1_only_quiet_30s,fp1_fp2_ch1_only_quiet_30s,0,19.968,1.0,True,0.40468838528863127,0.008830215455148983,0.6634819052031264,0.49526611725870456,0.2562748467944417,0.12352097322475264,0.583281869702042,0.5462128938069637,14.995249739219075,0.40685232654071657,0.7108066576193841,2.8330306306210424,0.6475005963865214,0.31413863407223436,delta
20260523-202120_fp1_fp2_ch1_only_quiet_30s,fp1_fp2_ch1_only_quiet_30s,0,20.224,1.0,True,0.40341719389903047,0.01075096810693468,0.6460670464301279,0.4883446422849146,0.255908086235849,0.13086466301896282,0.5823920357293214,0.5406757138279317,14.939523542559135,0.5592263288408081,0.6413437109780233,1.9907987984536315,0.5801106288864538,0.3655168029542015,delta
20260523-202120_fp1_fp2_ch1_only_quiet_30s,fp1_fp2_ch1_only_quiet_30s,0,20.48,1.0,True,0.4013724475120303,0.0148283866518205,0.6218290314895527,0.47853225190416315,0.2571327663066165,0.14199829030233993,0.5809607132584212,0.5328258015233305,13.983535598488633,0.7528965351443255,0.5704843269098833,1.7058498597798009,0.5438166245848572,0.37841370262070667,delta
20260523-202120_fp1_fp2_ch1_only_quiet_30s,fp1_fp2_ch1_only_quiet_30s,0,20.736,1.0,True,0.3985225448716294,0.017030977986093314,0.6081981542895656,0.47190900816790715,0.2581370039646459,0.14820078168961276,0.5789657814101407,0.5275272065343257,13.40882464145226,0.6238696902695366,0.6158129596153509,1.9448958147028674,0.5493745199916498,0.38017800955629966,delta
20260523-202120_fp1_fp2_ch1_only_quiet_30s,fp1_fp2_ch1_only_quiet_30s,0,20.992,1.0,True,0.39691905880832307,0.01990142356819296,0.5909863335320438,0.4648426049616254,0.25896047884423,0.15609070858311017,0.5778433411658261,0.5218740839693004,13.709722082357635,0.7505810452733965,0.5712389053305731,1.709958507278335,0.5426834616333511,0.3804021487528415,delta
20260523-202120_fp1_fp2_ch1_only_quiet_30s,fp1_fp2_ch1_only_quiet_30s,0,21.248,1.0,True,0.39528869550461665,0.021392509893817746,0.5817650572134374,0.460555422102704,0.259635728245489,0.16028736140627847,0.5767020868532317,0.5184443376821632,13.20870510436256,0.6536521794978175,0.6047220887152565,1.852460134228898,0.5397115350864079,0.38898360399504966,delta
20260523-202120_fp1_fp2_ch1_only_quiet_30s,fp1_fp2_ch1_only_quiet_30s,0,21.504,1.0,True,0.38936073682411315,0.023695563259745214,0.5686195209606382,0.45210131127189696,0.26171485648333487,0.16638528378261108,0.5725525157768793,0.5116810490175177,12.339620079273619,0.7486357286155343,0.5718743953529871,1.8223041005344673,0.5573076404207142,0.36283903979519067,delta
20260523-202120_fp1_fp2_ch1_only_quiet_30s,fp1_fp2_ch1_only_quiet_30s,0,21.76,1.0,True,0.38315523586086025,0.02572586851282256,0.5623668049576256,0.4458792850447282,0.2634197416383685,0.16989343279816577,0.5682086651026023,0.5067034280357826,11.323115484054345,0.6420179567461088,0.6090067382559388,1.3590455976755165,0.5378350717332777,0.3727131644896606,delta
20260523-202120_fp1_fp2_ch1_only_quiet_30s,fp1_fp2_ch1_only_quiet_30s,0,22.016,1.0,True,0.37784514800750607,0.029549901284260528,0.5461582754958794,0.4367547426284368,0.2648177474654961,0.17805203941121167,0.5644916036052543,0.4994037941027495,12.136030221130735,0.8824802402039903,0.5312140752600722,1.354080220228972,0.5495240263069079,0.35027992995122964,delta
20260523-202120_fp1_fp2_ch1_only_quiet_30s,fp1_fp2_ch1_only_quiet_30s,0,22.272,1.0,True,0.3749825040797519,0.030998078503064568,0.5432942825696742,0.4338916265512248,0.26748953597255426,0.1799957521276061,0.5624877528558264,0.49711330124097985,11.667500211038702,0.6518457667400891,0.6053833960354263,1.2827218923819224,0.5288720348965159,0.37585744201877525,delta
20260523-202120_fp1_fp2_ch1_only_quiet_30s,fp1_fp2_ch1_only_quiet_30s,0,22.528,1.0,True,0.3732282688947898,0.04026895110881159,0.5253099676322408,0.42645686345289774,0.2803583686500369,0.19231632954944333,0.5612597882263529,0.4911654907623182,11.12744576551242,1.0160585402676714,0.49601734276235443,0.8360662344659667,0.4423456973237144,0.39395238728702814,delta
20260523-202120_fp1_fp2_ch1_only_quiet_30s,fp1_fp2_ch1_only_quiet_30s,0,22.784,1.0,True,0.37147869634189584,0.044832744665347285,0.5134429267871589,0.42116617699773795,0.2787074216150642,0.1994362596569702,0.5600350874393271,0.4869329415981904,10.779070372734983,0.9631135602737584,0.5093948818003585,1.0481159947727499,0.4680267374142434,0.3982132235607907,delta
20260523-202120_fp1_fp2_ch1_only_quiet_30s,fp1_fp2_ch1_only_quiet_30s,0,23.04,1.0,True,0.3732455692793408,0.047942162688261736,0.5080238074113853,0.4204179526255565,0.275828221317573,0.20335407315338533,0.5612718984955386,0.4863343621004452,9.69492760363431,0.8983161280758594,0.5267826497423262,0.894185264042839,0.4131014747175421,0.45565378287545216,gamma
20260523-202120_fp1_fp2_ch1_only_quiet_30s,fp1_fp2_ch1_only_quiet_30s,0,23.296,1.0,True,0.3783467701455203,0.04943645579973362,0.5088864284455925,0.4240356505505456,0.2734672770736302,0.20402344631386957,0.5648427391018642,0.4892285204404366,9.566400720558594,0.7938735057378254,0.5574529066837491,0.8985346368072393,0.3785499619026474,0.4943589512169445,gamma
20260523-202120_fp1_fp2_ch1_only_quiet_30s,fp1_fp2_ch1_only_quiet_30s,0,23.552,1.0,True,0.38363676765983895,0.048439507103722135,0.5160943483362664,0.4299969208965886,0.2730567265224107,0.20085265769972624,0.5685457373618873,0.493997536717271,10.65593097237627,0.6364148567406918,0.6110919831101337,1.1053326782820407,0.40948099761925516,0.4776443635803972,gamma
20260523-202120_fp1_fp2_ch1_only_quiet_30s,fp1_fp2_ch1_only_quiet_30s,0,23.808,1.0,True,0.38922658448961645,0.044099357251848055,0.5350736162983336,0.4402730456226675,0.2727200750704107,0.19138881650928458,0.5724586091427315,0.5022184364981341,10.371878539691737,0.4280088251325005,0.7002757842925238,1.1592283698598809,0.42262558580153786,0.4962079211115552,delta
20260523-202120_fp1_fp2_ch1_only_quiet_30s,fp1_fp2_ch1_only_quiet_30s,0,24.064,1.0,True,0.3910578665094919,0.03965860727943482,0.5530703818355717,0.4477622468736199,0.27244402087977065,0.18220346108918264,0.5737405065566443,0.508209797498896,10.742063129439906,0.3766591778765419,0.7263962032626107,1.85247056629004,0.47077179480413395,0.45821850319811774,delta
20260523-202120_fp1_fp2_ch1_only_quiet_30s,fp1_fp2_ch1_only_quiet_30s,0,24.32,1.0,True,0.3894038415665119,0.03699921490528042,0.5610490775814667,0.44947967417174617,0.275268503901073,0.17768231253491903,0.5725826890965583,0.5095837393373971,10.32756424214554,0.47324692286345815,0.6787728414543135,1.5474073780688662,0.486952358450112,0.4355815726363528,delta
20260523-202120_fp1_fp2_ch1_only_quiet_30s,fp1_fp2_ch1_only_quiet_30s,0,24.576,1.0,True,0.387320486539,0.03518197400051466,0.5663007338881494,0.44996357311120233,0.28063542743616804,0.17466302623948235,0.5711243405773,0.509970858488962,9.878102001258338,0.4938640204552275,0.6694049701332294,1.2851341579674682,0.48033653181797104,0.43828465219720225,delta
20260523-202120_fp1_fp2_ch1_only_quiet_30s,fp1_fp2_ch1_only_quiet_30s,0,24.832,1.0,True,0.386299737969081,0.033939037024066664,0.5683357330593621,0.45001233625067943,0.28503630473494596,0.1731428674948667,0.5704098165783568,0.5100098690005437,11.75160866705696,0.5053286719896061,0.6643067514779387,1.4204134610043893,0.5182702170873773,0.3974958321248241,delta
20260523-202120_fp1_fp2_ch1_only_quiet_30s,fp1_fp2_ch1_only_quiet_30s,0,25.088,1.0,True,0.3855467297107205,0.03330855219081787,0.5674890758861134,0.44922655087210805,0.28559417666231673,0.17302938236389206,0.5698827107975044,0.5093812406976865,12.03313631042271,0.5477732833671691,0.6460894568617906,1.4685016065195122,0.5231978634366321,0.39080203259321933,delta
