freq_hz,psd_v2_per_hz
0.0,1.252729420435464e-13
0.25,1.0153328752431523e-13
0.5,9.011522648054014e-14
0.75,7.160654037706769e-14
1.0,4.7176738729841975e-14
1.25,2.3337309045384717e-14
1.5,1.8977594390499403e-14
1.75,4.742078871556726e-15
2.0,7.014741228444942e-15
2.25,4.1879620379357355e-15
2.5,3.874274329827237e-15
2.75,5.765641334721158e-15
3.0,5.509982541120102e-15
3.25,3.5932459095430165e-15
3.5,4.312041839102634e-15
3.75,3.620537324257865e-15
4.0,2.9233421639822727e-15
4.25,3.457165281019993e-15
4.5,3.813588278103877e-15
4.75,4.020814847343114e-15
5.0,4.066679619360372e-15
5.25,5.088087480016964e-15
5.5,4.469316222926817e-15
5.75,4.5162480058478665e-15
6.0,4.518923082736121e-15
6.25,2.725168963969464e-15
6.5,2.8663431917240253e-15
6.75,3.5779664655472445e-15
7.0,8.306035908316303e-16
7.25,1.977992521076574e-15
7.5,1.800932613558465e-15
7.75,1.5555442669897455e-15
8.0,1.1401794859062263e-15
8.25,9.2814655820801e-16
8.5,1.9776837570383285e-16
8.75,7.325565116093929e-16
9.0,1.008555311300449e-15
9.25,1.6734558506926963e-15
9.5,1.6907168972151898e-15
9.75,1.0540087291591612e-15
10.0,1.096186044484104e-15
10.25,1.119469193660342e-15
10.5,7.083362559143629e-16
10.75,8.640698392017981e-16
11.0,4.446010844049587e-16
11.25,5.556894297525164e-16
11.5,6.340120622008429e-16
11.75,5.888167476241485e-16
12.0,4.797646137271371e-16
12.25,3.6086175142634457e-16
12.5,2.715322188645345e-16
12.75,1.5870208146095508e-16
13.0,1.7462617938266269e-16
13.25,2.178980638105406e-16
13.5,3.65125459152503e-16
13.75,3.980863093913861e-16
14.0,4.659972870747724e-16
14.25,4.532366065501459e-16
14.5,1.839738025464498e-16
14.75,3.159805867520609e-16
15.0,2.790704753938431e-16
15.25,2.699956744605724e-16
15.5,4.2662995920859734e-16
15.75,1.1857076188523566e-15
16.0,1.0419236738965569e-15
16.25,1.2384998164442822e-15
16.5,1.2671668374127362e-15
16.75,2.8702346875770514e-16
17.0,6.259383973911281e-16
17.25,7.257107148696002e-16
17.5,8.346924528507395e-16
17.75,8.826046584623459e-16
18.0,9.888550345751646e-16
18.25,9.338661977095365e-16
18.5,9.054558303424377e-16
18.75,7.384364910639525e-16
19.0,9.785764700495228e-16
19.25,1.0873424611535191e-15
19.5,7.889725795837021e-16
19.75,7.981515354784664e-16
20.0,4.639082861501535e-16
20.25,7.286820251549748e-16
20.5,8.159998425812544e-16
20.75,7.52757305668426e-16
21.0,8.477925296663718e-16
21.25,5.156365399266283e-16
21.5,4.745790956085129e-16
21.75,5.618554000271321e-16
22.0,6.828831543300523e-16
22.25,5.768442675145258e-16
22.5,5.761455876258152e-16
22.75,4.2555667020651714e-16
23.0,4.463894685620785e-16
23.25,4.250263289064872e-16
23.5,2.3907674755076184e-16
23.75,2.1409747830870572e-16
24.0,3.9538284460560643e-16
24.25,4.1612763752060027e-16
24.5,7.148619714691982e-16
24.75,7.417065724401049e-16
25.0,7.043028430643699e-16
25.25,6.102844983376776e-16
25.5,1.2251657579739016e-15
25.75,1.1039722091837044e-15
26.0,8.149404729856078e-16
26.25,9.48234536427239e-16
26.5,6.79182821097827e-16
26.75,5.323338116729444e-16
27.0,4.309010728690625e-16
27.25,7.370244297872285e-16
27.5,5.444463955448462e-16
27.75,4.2265196851315217e-16
28.0,9.957797716439148e-16
28.25,1.2886119938855353e-15
28.5,9.828305574934384e-16
28.75,6.664445198244604e-16
29.0,6.209047830647062e-16
29.25,6.5990320172631525e-16
29.5,6.222250586659158e-16
29.75,7.20658302055474e-16
30.0,4.254549591456483e-16
30.25,3.8029019543679763e-16
30.5,6.909311842945874e-16
30.75,7.931467211756347e-16
31.0,5.10898371404723e-16
31.25,6.5049558834302195e-16
31.5,6.246461948512126e-16
31.75,6.532282067135628e-16
32.0,9.02468709023767e-16
32.25,6.503819304669107e-16
32.5,6.089019284848634e-16
32.75,6.204196326662311e-16
33.0,5.670819879356411e-16
33.25,1.5448123696152194e-16
33.5,1.5167448699248583e-16
33.75,1.607307661034686e-16
34.0,1.62918494826284e-16
34.25,1.7237241834524657e-16
34.5,1.3903406549609436e-16
34.75,2.0413520489002882e-16
35.0,5.152902515543079e-16
35.25,6.18006749992985e-16
35.5,6.409735574021414e-16
35.75,7.545230844718003e-16
36.0,7.835439485705123e-16
36.25,7.78169258568659e-16
36.5,8.404039457080917e-16
36.75,7.328459238600988e-16
37.0,6.91382795690427e-16
37.25,3.428854424415046e-16
37.5,3.7765279308747564e-16
37.75,4.0948888601481964e-16
38.0,4.2068357352000525e-16
38.25,7.36576479488937e-16
38.5,4.843735120727405e-16
38.75,6.666727957656709e-16
39.0,5.238396574389476e-16
39.25,5.556316268719176e-16
39.5,3.870925913384873e-16
39.75,4.2552072357030816e-16
40.0,2.7636449382157044e-16
40.25,5.144235507084453e-16
40.5,3.3209515146974667e-16
40.75,3.165020538795213e-16
41.0,7.102950717772737e-16
41.25,1.1578909346925795e-15
41.5,9.517682827203914e-16
41.75,8.814360462803703e-16
42.0,8.408579663675101e-16
42.25,1.0474366742866214e-15
42.5,7.475939390251936e-16
42.75,8.887697710755843e-16
43.0,9.328039290018791e-16
43.25,1.4410049286826881e-15
43.5,9.873155643139273e-16
43.75,1.4229393114223607e-15
44.0,1.0833867052215666e-15
44.25,1.786499392377953e-15
44.5,1.2381866124878747e-15
44.75,1.155045701592888e-15
45.0,1.0531971605190771e-15
45.25,2.2073337717294553e-15
45.5,1.3530809528930913e-15
45.75,2.5277693633665367e-15
46.0,2.2026696005873863e-15
46.25,3.369263790213013e-15
46.5,2.478539842436966e-15
46.75,4.353269124673542e-15
47.0,4.042399507971908e-15
47.25,6.3601181390446895e-15
47.5,5.535936417631926e-15
47.75,9.399667146387435e-15
48.0,9.447249221570075e-15
48.25,1.1226393323045495e-14
48.5,9.420057701660741e-15
48.75,1.4839195198822543e-14
49.0,1.5454032816975434e-14
49.25,1.6447497548966967e-14
49.5,1.516198772889901e-14
49.75,1.1153218024622303e-14
50.0,9.364624921704177e-15
50.25,7.24903143927997e-15
50.5,3.992568076003806e-15
50.75,6.0733112281658115e-15
51.0,7.362595144633743e-15
51.25,5.553288868385227e-15
51.5,5.834859716338542e-15
51.75,4.931939480584291e-15
52.0,4.950166321278036e-15
52.25,2.7316825538938156e-15
52.5,3.4715622157027496e-15
52.75,2.711620804867582e-15
53.0,3.000657976609246e-15
53.25,1.7190443949982148e-15
53.5,2.2168056156477986e-15
53.75,1.3629970749172546e-15
54.0,1.8111982731752025e-15
54.25,9.8158635492365e-16
54.5,1.2979226407910602e-15
54.75,9.38872814732661e-16
55.0,1.0666927452502544e-15
55.25,6.12846294910839e-16
55.5,1.0320394677833224e-15
55.75,5.485205304739164e-16
56.0,7.742544437533555e-16
56.25,5.247060305317841e-16
56.5,6.758488929889422e-16
56.75,4.61416461233934e-16
57.0,5.973385458348541e-16
57.25,4.3723599777331714e-16
57.5,5.835508739746464e-16
57.75,4.0610137674331903e-16
58.0,4.4263148973536525e-16
58.25,3.9594334489664164e-16
58.5,4.079066051654973e-16
58.75,2.738596663661891e-16
59.0,4.105716900753653e-16
59.25,2.8956609033279547e-16
59.5,3.0059513638720306e-16
59.75,2.5951324043024184e-16
60.0,2.591471343883268e-16
60.25,1.1019581779333079e-16
60.5,1.1416060255041384e-16
60.75,1.35034200920916e-16
61.0,1.4631506672092132e-16
61.25,1.3356212519103197e-16
61.5,1.7607701857297857e-16
61.75,1.885088893254323e-16
62.0,1.8398106731296553e-16
62.25,1.5765801224130184e-16
62.5,1.5172772781385493e-16
62.75,1.2146892364071138e-16
63.0,1.163836246655541e-16
63.25,1.7190255857306572e-16
63.5,1.7479978511054046e-16
63.75,1.6876417757161446e-16
64.0,9.966577706139966e-17
64.25,1.1230920764678161e-16
64.5,8.897169222708798e-17
64.75,9.189580271595582e-17
65.0,8.210965500068684e-17
65.25,7.831978285682461e-17
65.5,7.468089929432317e-17
65.75,5.412509976837648e-17
66.0,3.275404650396378e-17
66.25,3.453174490349773e-17
66.5,4.051083999745729e-17
66.75,3.0692672743580445e-17
67.0,3.8955304015432507e-17
67.25,5.3729850808021495e-17
67.5,4.3655641521422366e-17
67.75,4.746446736833054e-17
68.0,4.596622920205933e-17
68.25,3.8407139063037364e-17
68.5,1.016518623061387e-17
68.75,9.014314125203072e-18
69.0,2.304124809240224e-17
69.25,2.6093501497418014e-17
69.5,3.3177777354489315e-17
69.75,3.604949055394073e-17
70.0,3.2402649509861766e-17
70.25,3.350993632774026e-17
70.5,2.8384626148805105e-17
70.75,3.001970734437394e-17
71.0,3.240892320598248e-17
71.25,4.7702232692427163e-17
71.5,5.799810887769992e-17
71.75,5.35490166038451e-17
72.0,5.250617965585688e-17
72.25,5.729487290722016e-17
72.5,5.493290121312408e-17
72.75,4.3192216989310734e-17
73.0,4.2770792017398005e-17
73.25,4.669610861342527e-17
73.5,5.0206145516845516e-17
73.75,3.2228915862308096e-17
74.0,4.1351118622969283e-17
74.25,4.0027131803677316e-17
74.5,6.232605635879298e-17
74.75,5.2183144020884893e-17
75.0,6.120060732935016e-17
75.25,6.502303436316932e-17
75.5,8.367076552918226e-17
75.75,5.76270340844427e-17
76.0,9.671081261160728e-17
76.25,6.572349378038747e-17
76.5,9.530852069011099e-17
76.75,7.16782326454281e-17
77.0,1.0949925568783537e-16
77.25,7.910319955269182e-17
77.5,8.89592232980621e-17
77.75,7.444539482467913e-17
78.0,1.4106844975548956e-16
78.25,1.001792379358317e-16
78.5,1.4233835584645139e-16
78.75,1.1700894450286306e-16
79.0,1.9706045265538305e-16
79.25,1.2304351844941602e-16
79.5,1.354870485622425e-16
79.75,1.1449260279467715e-16
80.0,1.8216887283482902e-16
80.25,1.237246760504007e-16
80.5,1.360450753500873e-16
80.75,1.1236338200563877e-16
81.0,2.0649861885829163e-16
81.25,1.2066324200346697e-16
81.5,1.5392696655106553e-16
81.75,1.25736932724902e-16
82.0,1.8754729500299674e-16
82.25,1.150680613867783e-16
82.5,1.3310971339102846e-16
82.75,1.1196795526225552e-16
83.0,1.761687161572662e-16
83.25,1.148163488021083e-16
83.5,1.3941774342161438e-16
83.75,1.17763702333202e-16
84.0,1.835310202838098e-16
84.25,1.4541997670615663e-16
84.5,1.3147640114246122e-16
84.75,1.2057311105233965e-16
85.0,1.552956008616432e-16
85.25,1.4575710281443767e-16
85.5,1.1382256548610667e-16
85.75,1.1477658114994247e-16
86.0,1.6116985934676205e-16
86.25,1.771492794361494e-16
86.5,1.306333193620149e-16
86.75,1.4672389847953426e-16
87.0,1.5726286196336112e-16
87.25,2.0925332737359893e-16
87.5,1.3754410873428736e-16
87.75,1.5732266490366182e-16
88.0,1.7020203977626942e-16
88.25,2.462930538265808e-16
88.5,1.5853699147772714e-16
88.75,1.929742855735226e-16
89.0,2.0484837666435238e-16
89.25,2.958080384620664e-16
89.5,1.784849381068488e-16
89.75,2.4012953020288083e-16
90.0,2.28020512119292e-16
90.25,3.088639195160832e-16
90.5,1.9891002860360419e-16
90.75,2.6395708780985893e-16
91.0,2.3540863224696952e-16
91.25,3.2018056538592664e-16
91.5,2.105922393443849e-16
91.75,3.313248041933466e-16
92.0,2.9494071805350207e-16
92.25,3.473490494299908e-16
92.5,2.262558727350719e-16
92.75,3.5036642356533285e-16
93.0,3.0726117575328853e-16
93.25,3.1728932380199274e-16
93.5,2.398610051875067e-16
93.75,3.89352575752286e-16
94.0,3.3942054374089694e-16
94.25,3.2217251956900644e-16
94.5,2.5754230751650067e-16
94.75,4.098440557285155e-16
95.0,3.585987554705789e-16
95.25,2.8478269743963175e-16
95.5,2.546164521352963e-16
95.75,3.984464967944996e-16
96.0,3.4477081275774564e-16
96.25,2.7186042149802065e-16
96.5,2.7338504509043077e-16
96.75,3.93820411701464e-16
97.0,3.446179843680633e-16
97.25,2.8788426186941933e-16
97.5,3.215184948412183e-16
97.75,4.07901541119564e-16
98.0,3.8046511464952428e-16
98.25,3.076169773013435e-16
98.5,3.4667347782089026e-16
98.75,3.793915895528871e-16
99.0,3.505913672521928e-16
99.25,3.060864121568223e-16
99.5,3.876434180016628e-16
99.75,3.802240820818345e-16
100.0,3.8370552018839827e-16
100.25,3.7715958664540477e-16
100.5,4.663527177180258e-16
100.75,3.9965226652664867e-16
101.0,3.9794229930016954e-16
101.25,3.6327228550956477e-16
101.5,4.667608988227008e-16
101.75,3.9595129719648307e-16
102.0,3.720184109291739e-16
102.25,3.752347345355794e-16
102.5,5.027385331871017e-16
102.75,4.0203804784486216e-16
103.0,3.562773683423791e-16
103.25,3.445757689027803e-16
103.5,4.83338582735897e-16
103.75,3.8091865035990756e-16
104.0,3.08535568384609e-16
104.25,3.1661388693009535e-16
104.5,4.496477606645392e-16
104.75,3.4206599789430876e-16
105.0,2.764442370728241e-16
105.25,2.9008966862014325e-16
105.5,3.965207263268368e-16
105.75,2.9203494422626524e-16
106.0,2.318277689405624e-16
106.25,2.444811476885108e-16
106.5,3.071794548940739e-16
106.75,2.234142915542577e-16
107.0,1.8985397334132175e-16
107.25,2.0840570838375e-16
107.5,2.3444433782491823e-16
107.75,1.769263239937078e-16
108.0,1.7345751068715348e-16
108.25,1.8613883409193636e-16
108.5,1.7237758097782536e-16
108.75,1.4261530967915126e-16
109.0,1.3618626429067292e-16
109.25,1.412879128849683e-16
109.5,1.154498267272625e-16
109.75,1.077304173779073e-16
110.0,1.1960731759720852e-16
110.25,1.1815993217516265e-16
110.5,9.637856827490207e-17
110.75,1.0717313806028767e-16
111.0,9.20543637894968e-17
111.25,9.219634635880701e-17
111.5,6.609820638660126e-17
111.75,7.877284796942485e-17
112.0,6.621495801864655e-17
112.25,7.391078905771076e-17
112.5,5.780255852454638e-17
112.75,6.991118375989247e-17
113.0,5.0173689951676043e-17
113.25,6.005489224741316e-17
113.5,4.2906954004154963e-17
113.75,4.814855363029114e-17
114.0,2.943701577609357e-17
114.25,3.619901266210326e-17
114.5,2.7798898004762836e-17
114.75,3.0960700411038155e-17
115.0,2.2052090982259254e-17
115.25,3.1684960411350365e-17
115.5,2.5251289473779905e-17
115.75,3.213449339037323e-17
116.0,2.6515464977040783e-17
116.25,3.5967743939479775e-17
116.5,3.234675233571029e-17
116.75,3.406278289443857e-17
117.0,3.3906996395206296e-17
117.25,4.014246613196114e-17
117.5,4.3043899230726165e-17
117.75,4.5495897744749074e-17
118.0,4.926472646037779e-17
118.25,5.921574656619729e-17
118.5,6.718825368500338e-17
118.75,6.235639651585871e-17
119.0,7.205357709218798e-17
119.25,7.515615925147228e-17
119.5,7.653589685758107e-17
119.75,6.418811363564126e-17
120.0,8.481736267531943e-17
120.25,8.156233213069276e-17
120.5,7.645106447962472e-17
120.75,6.765815008219345e-17
121.0,9.737331471277221e-17
121.25,7.957094027708013e-17
121.5,6.926576170356116e-17
121.75,6.975313637009387e-17
122.0,9.491190079514792e-17
122.25,6.402309141924465e-17
122.5,5.27270523292913e-17
122.75,5.37676022666382e-17
123.0,7.728316212877003e-17
123.25,5.01107921651996e-17
123.5,4.1454866466096846e-17
123.75,4.91937820264265e-17
124.0,7.02826707081701e-17
124.25,3.923632355353171e-17
124.5,3.168107474046748e-17
124.75,3.469854713709864e-17
125.0,5.729592129270402e-17
