freq_hz,psd_v2_per_hz
0.0,2.5981733849647204e-14
0.25,2.3207188629083214e-14
0.5,1.3630639084144419e-14
0.75,6.857327483402564e-15
1.0,2.047193430196026e-15
1.25,1.99771782276817e-15
1.5,2.403729593640805e-15
1.75,1.8786930207134612e-15
2.0,1.8087646118224704e-15
2.25,2.074783531309037e-15
2.5,2.0587090495877753e-15
2.75,2.167414462787768e-15
3.0,3.090049035426422e-15
3.25,3.3974014483028617e-15
3.5,4.516965499460321e-15
3.75,6.0900272626530644e-15
4.0,6.945648951485549e-15
4.25,6.2192100556826206e-15
4.5,4.0429504118540305e-15
4.75,3.951116337572787e-15
5.0,2.7508006143891416e-15
5.25,8.795037421735763e-16
5.5,1.1427248667792275e-15
5.75,1.9339038677151928e-15
6.0,1.6680669328779236e-15
6.25,1.481279058543241e-15
6.5,2.382229942686786e-15
6.75,1.2747431106186728e-15
7.0,2.3320132539486882e-15
7.25,2.8775035358635898e-15
7.5,2.1858811748077555e-15
7.75,2.0193427203876385e-15
8.0,1.805370000452823e-15
8.25,1.645602725159676e-15
8.5,1.854181962045729e-15
8.75,2.1900675956407757e-15
9.0,1.6931699149574144e-15
9.25,1.4238613372187734e-15
9.5,9.61944575024681e-16
9.75,8.958583378448798e-16
10.0,9.639226170980434e-16
10.25,9.312804154855582e-16
10.5,8.879044330039974e-16
10.75,3.850325039647036e-16
11.0,3.818749860040923e-16
11.25,4.16926696058151e-16
11.5,4.2590532738300237e-16
11.75,4.695544976617921e-16
12.0,5.076584223017389e-16
12.25,7.548887867395141e-16
12.5,1.185111342449204e-15
12.75,1.2463484304218776e-15
13.0,1.0475655736614464e-15
13.25,1.0519675706957854e-15
13.5,6.876764057490905e-16
13.75,5.552614854975727e-16
14.0,5.908343985787343e-16
14.25,3.3990244161379274e-16
14.5,2.711395984318897e-16
14.75,2.979400023287323e-16
15.0,4.825479628904438e-16
15.25,1.0664045805511328e-15
15.5,1.3929639134116666e-15
15.75,1.4079771764858284e-15
16.0,1.0205387072942454e-15
16.25,2.8855200021176366e-16
16.5,7.668304922405712e-16
16.75,2.0860666608146344e-15
17.0,2.0253122447686896e-15
17.25,2.060603937265715e-15
17.5,1.532577965738757e-15
17.75,9.181619891985019e-16
18.0,4.462295924992663e-16
18.25,4.803983715005092e-16
18.5,4.764443042288936e-16
18.75,5.314341505124791e-16
19.0,6.654132876004714e-16
19.25,2.4215586099014244e-16
19.5,3.047372382254639e-16
19.75,2.4026195966638744e-16
20.0,8.255753534202955e-17
20.25,1.5239689248224123e-16
20.5,1.3966873735403866e-16
20.75,1.9223264248126582e-16
21.0,5.572222771140152e-16
21.25,8.781306471165852e-16
21.5,1.0810691188194146e-15
21.75,1.04622107245586e-15
22.0,1.320983040213534e-15
22.25,1.7067163777826446e-15
22.5,2.0257070557308576e-15
22.75,1.8176685037741733e-15
23.0,1.430632272075225e-15
23.25,1.1350663846544048e-15
23.5,1.264683333921717e-15
23.75,1.794227642030917e-15
24.0,1.8374418690346147e-15
24.25,1.8980129076028486e-15
24.5,1.4844808600415756e-15
24.75,8.653895933948766e-16
25.0,1.020702989448768e-15
25.25,7.455902480354765e-16
25.5,5.856441725420121e-16
25.75,4.696592229768322e-16
26.0,5.205783650123267e-16
26.25,6.287206903094739e-16
26.5,9.679063937925405e-16
26.75,1.0742753958337453e-15
27.0,1.337696806069187e-15
27.25,1.4044529452358805e-15
27.5,1.045089655464649e-15
27.75,8.926542527141474e-16
28.0,8.556046546986216e-16
28.25,7.024754787105892e-16
28.5,7.380514424138355e-16
28.75,7.402827354988241e-16
29.0,5.901505554187822e-16
29.25,9.62099058901496e-16
29.5,8.614450238068273e-16
29.75,6.663816761561049e-16
30.0,5.566366185541797e-16
30.25,1.855052570057617e-16
30.5,3.317690648466933e-16
30.75,2.9102341301040624e-16
31.0,4.2842277594734036e-16
31.25,5.842086633321968e-16
31.5,2.993155438793309e-16
31.75,2.8677193965145977e-16
32.0,1.4143185189183158e-16
32.25,1.7737714411068282e-16
32.5,1.2762398338505375e-16
32.75,1.0449133064442402e-16
33.0,2.7975323933250206e-16
33.25,2.1118472159787035e-16
33.5,2.2921640569919425e-16
33.75,2.8832482065283007e-16
34.0,4.245698452711928e-17
34.25,1.1034478168130796e-16
34.5,2.1538026942745586e-16
34.75,2.7223602409363357e-16
35.0,2.505648295941384e-16
35.25,2.0009580929332857e-16
35.5,7.509775443285113e-17
35.75,6.426873293087925e-17
36.0,7.402079465499846e-17
36.25,1.0583051249693088e-16
36.5,1.6402776165897496e-16
36.75,1.793174269694913e-16
37.0,1.5197857114907976e-16
37.25,1.4981853129337567e-16
37.5,1.7377071371698766e-16
37.75,2.981780102696506e-16
38.0,4.0752982664926555e-16
38.25,4.490384267458645e-16
38.5,4.673493565066445e-16
38.75,4.906912411552228e-16
39.0,6.558544087355337e-16
39.25,5.786294106228982e-16
39.5,4.1693523177112496e-16
39.75,2.5020071885155063e-16
40.0,1.5046971344746273e-16
40.25,1.3659333653934398e-16
40.5,1.5019870751029598e-16
40.75,2.0037567216787083e-16
41.0,2.7706317318807523e-16
41.25,3.3820651317824665e-16
41.5,4.467573495710077e-16
41.75,4.719702928720712e-16
42.0,4.853699253270649e-16
42.25,4.4383897246894823e-16
42.5,4.894572996677091e-16
42.75,4.919819390284113e-16
43.0,6.398161936633853e-16
43.25,6.375345595316075e-16
43.5,6.262252954038321e-16
43.75,4.0499348291871964e-16
44.0,3.1557927331652076e-16
44.25,2.2804960056733456e-16
44.5,2.641677404027321e-16
44.75,6.083648776289907e-16
45.0,6.6798846468944145e-16
45.25,7.947818660266149e-16
45.5,7.604634630427886e-16
45.75,1.0489057261706393e-15
46.0,1.18320025873218e-15
46.25,1.7748113154542812e-15
46.5,1.8667915487032624e-15
46.75,2.9039584343735386e-15
47.0,3.3243128084898955e-15
47.25,5.089869185011638e-15
47.5,5.622684762911061e-15
47.75,6.9293828808539625e-15
48.0,6.57289811929322e-15
48.25,6.714467391990843e-15
48.5,6.156625512579312e-15
48.75,5.5970322233643866e-15
49.0,5.0851488146912915e-15
49.25,4.667116788911033e-15
49.5,4.1467196024665075e-15
49.75,3.931733773946e-15
50.0,4.000833728788719e-15
50.25,5.335187979865954e-15
50.5,5.8562047246201484e-15
50.75,8.467599418244978e-15
51.0,8.31678624217196e-15
51.25,1.0037051045742735e-14
51.5,8.542545428455183e-15
51.75,9.013115988343786e-15
52.0,7.145920473041302e-15
52.25,6.525307171505199e-15
52.5,4.653600881569598e-15
52.75,3.664769367226881e-15
53.0,2.484814958764778e-15
53.25,1.7243251830780343e-15
53.5,1.3066999691356054e-15
53.75,7.99791048731468e-16
54.0,7.788347595712468e-16
54.25,7.272839112661818e-16
54.5,9.18274116578966e-16
54.75,9.580679809264566e-16
55.0,9.856691505277847e-16
55.25,1.0741546515251553e-15
55.5,9.692646091122647e-16
55.75,1.0571198182930276e-15
56.0,8.982417680199913e-16
56.25,9.004282965521503e-16
56.5,6.771049912108311e-16
56.75,6.489182634516755e-16
57.0,3.750556534640107e-16
57.25,3.929660900855719e-16
57.5,2.744884883274192e-16
57.75,2.672556828971676e-16
58.0,1.7847307335692147e-16
58.25,1.5353975969193256e-16
58.5,1.08623279921066e-16
58.75,1.1223177193255697e-16
59.0,1.4689863177655505e-16
59.25,1.3167687986789994e-16
59.5,1.3829008294981934e-16
59.75,1.0143610503425332e-16
60.0,2.057950800640146e-16
60.25,2.5372127499418454e-16
60.5,3.3432606224406115e-16
60.75,3.51792128317892e-16
61.0,3.3319723933921946e-16
61.25,3.262166973382757e-16
61.5,3.58168563357139e-16
61.75,4.455599438533545e-16
62.0,4.643679233339657e-16
62.25,4.927336443543716e-16
62.5,4.006694001904802e-16
62.75,3.9218444519441387e-16
63.0,2.5376497480985183e-16
63.25,2.0254293794979167e-16
63.5,1.2815526703034755e-16
63.75,1.0919137967828894e-16
64.0,6.190038766735828e-17
64.25,5.021604202871665e-17
64.5,4.113531981797523e-17
64.75,5.650091452343476e-17
65.0,5.770773817707864e-17
65.25,6.257186595691078e-17
65.5,1.0873057242740122e-16
65.75,1.177079158300305e-16
66.0,1.4501818426423626e-16
66.25,1.481096721709772e-16
66.5,1.7506869403816267e-16
66.75,1.6312803753595584e-16
67.0,1.569325976766576e-16
67.25,1.2607569021384346e-16
67.5,1.0452693577607985e-16
67.75,7.60373276953708e-17
68.0,6.604556690264197e-17
68.25,4.5217652010298004e-17
68.5,2.9542483229920964e-17
68.75,2.8482907531392143e-17
69.0,3.509858899019349e-17
69.25,4.973642853623169e-17
69.5,6.152980025192699e-17
69.75,7.769808202110832e-17
70.0,9.449781524806294e-17
70.25,1.151672655297938e-16
70.5,1.5560105070267042e-16
70.75,1.631106581549063e-16
71.0,1.648526222269541e-16
71.25,1.3828916932796733e-16
71.5,1.2725747984645474e-16
71.75,9.35974271655407e-17
72.0,9.807367349917872e-17
72.25,7.956476188626136e-17
72.5,7.728482122565239e-17
72.75,5.852924327722083e-17
73.0,4.665019181663256e-17
73.25,3.503205110908314e-17
73.5,3.183689549342208e-17
73.75,3.936021152871213e-17
74.0,4.951598871527341e-17
74.25,5.119351469032669e-17
74.5,5.937135580835586e-17
74.75,6.14661606185137e-17
75.0,7.83869575792517e-17
75.25,9.194291750016966e-17
75.5,1.1069252799299608e-16
75.75,1.124887845991411e-16
76.0,1.2223589768663023e-16
76.25,9.452685287292857e-17
76.5,9.07852415117768e-17
76.75,5.2272829960037285e-17
77.0,5.3521843337305993e-17
77.25,3.5666887656687326e-17
77.5,3.759764512465067e-17
77.75,3.48393444421245e-17
78.0,3.826706454442817e-17
78.25,3.119042342229335e-17
78.5,3.318984150107205e-17
78.75,3.496312683377279e-17
79.0,3.689034879541275e-17
79.25,3.7318901995920047e-17
79.5,3.5886016207792396e-17
79.75,4.4962423941961335e-17
80.0,4.1745575825121127e-17
80.25,4.6895640176395095e-17
80.5,4.085853246228417e-17
80.75,3.887815433979526e-17
81.0,4.1229933539601244e-17
81.25,4.561083853456913e-17
81.5,5.20810613289361e-17
81.75,5.3913955783369546e-17
82.0,5.954621361935838e-17
82.25,5.169104842474796e-17
82.5,5.772820210175598e-17
82.75,4.4972527802773396e-17
83.0,5.066793695876088e-17
83.25,3.7399375399529394e-17
83.5,3.8360010900665854e-17
83.75,3.0442135610557564e-17
84.0,2.9200057012757486e-17
84.25,3.963311163427462e-17
84.5,4.542037432137999e-17
84.75,7.609625574911637e-17
85.0,8.484296864844537e-17
85.25,1.2014896300661328e-16
85.5,1.1950139796632052e-16
85.75,1.6065800513771645e-16
86.0,1.5317275557984137e-16
86.25,1.7571802391390524e-16
86.5,1.4942883257128266e-16
86.75,1.4457204284484315e-16
87.0,1.153389494287171e-16
87.25,1.0382513612066172e-16
87.5,8.302998352434915e-17
87.75,8.252091083419159e-17
88.0,6.879527266729416e-17
88.25,6.996323907085871e-17
88.5,7.11697217131191e-17
88.75,1.0043546163441487e-16
89.0,1.1651117849494914e-16
89.25,1.5562083826533256e-16
89.5,1.6405962574071612e-16
89.75,2.1604859237162611e-16
90.0,2.1395666797706964e-16
90.25,2.417476731026291e-16
90.5,2.11052885759276e-16
90.75,2.191045928727491e-16
91.0,1.865034878303585e-16
91.25,1.8568510947642538e-16
91.5,1.4464688868234516e-16
91.75,1.4009203494398615e-16
92.0,1.111825570530037e-16
92.25,1.1339215067153876e-16
92.5,9.523444352815433e-17
92.75,1.0669270974600957e-16
93.0,1.0023002348322992e-16
93.25,1.1675131273543185e-16
93.5,1.1713739830399044e-16
93.75,1.367051281679399e-16
94.0,1.4856372706771666e-16
94.25,1.7685961612362983e-16
94.5,1.8646726701291401e-16
94.75,2.1204859213132797e-16
95.0,2.067113645716065e-16
95.25,2.2479026946731605e-16
95.5,2.1629274120454303e-16
95.75,2.2998280315170623e-16
96.0,2.1260679142889233e-16
96.25,2.1492896767621302e-16
96.5,1.8403893355138383e-16
96.75,1.81725375515593e-16
97.0,1.7204763056381744e-16
97.25,1.7233269018055842e-16
97.5,1.837811888122658e-16
97.75,1.8836475990643515e-16
98.0,2.405700333552014e-16
98.25,2.5901406644390837e-16
98.5,3.3025286799020257e-16
98.75,3.325589669900606e-16
99.0,3.9854881245243874e-16
99.25,4.146471234097786e-16
99.5,4.7740507693307525e-16
99.75,4.2791868111779283e-16
100.0,3.5070236577842978e-16
100.25,3.1216204430303775e-16
100.5,2.5800947458444417e-16
100.75,1.9574669870450418e-16
101.0,2.1295230352887696e-16
101.25,1.8255084912211888e-16
101.5,1.9744721173963587e-16
101.75,1.8301341921636748e-16
102.0,2.1179805005228974e-16
102.25,1.9401508201313772e-16
102.5,2.351479006661037e-16
102.75,2.0774192747445678e-16
103.0,2.415962310109364e-16
103.25,2.0482019492896893e-16
103.5,2.1637030546341173e-16
103.75,1.6470801047949114e-16
104.0,1.6222049780619245e-16
104.25,1.230604431541007e-16
104.5,1.2266952516083004e-16
104.75,9.264610001553744e-17
105.0,9.562542933248759e-17
105.25,8.50236674003934e-17
105.5,9.534135707360388e-17
105.75,8.721834829331489e-17
106.0,1.0568713522146779e-16
106.25,9.861204364512455e-17
106.5,1.171087674987702e-16
106.75,1.0576843259823219e-16
107.0,1.2456877135910385e-16
107.25,1.1357206568035786e-16
107.5,1.314470820359722e-16
107.75,1.1684423559990966e-16
108.0,1.3291113803504256e-16
108.25,1.16099659291486e-16
108.5,1.3403038351786692e-16
108.75,1.1379317723492522e-16
109.0,1.248403770091336e-16
109.25,1.0279769509451442e-16
109.5,1.1276924456759858e-16
109.75,9.675485662374635e-17
110.0,1.0951533546211031e-16
110.25,9.957181830615119e-17
110.5,1.0835284363545908e-16
110.75,9.467170213436248e-17
111.0,1.0371719242668514e-16
111.25,9.899138931595735e-17
111.5,1.0670680885353602e-16
111.75,1.0046853827199698e-16
112.0,1.0661575844935999e-16
112.25,9.731442862806485e-17
112.5,1.0752773230089682e-16
112.75,9.398594712349418e-17
113.0,1.000087510187242e-16
113.25,8.240522770571388e-17
113.5,9.123323066356452e-17
113.75,7.257390357677615e-17
114.0,8.015078914882379e-17
114.25,6.35990954036023e-17
114.5,6.803182930959903e-17
114.75,5.4209521679947704e-17
115.0,5.1623016605590356e-17
115.25,4.4887988395802957e-17
115.5,4.0736327823136587e-17
115.75,4.132649501334613e-17
116.0,3.745046224464696e-17
116.25,4.013862489180896e-17
116.5,3.715032731981498e-17
116.75,3.675170435463479e-17
117.0,3.158969362056486e-17
117.25,2.9424977250055033e-17
117.5,2.870050897948574e-17
117.75,2.2909345507345106e-17
118.0,1.9663471664489206e-17
118.25,1.324030484498069e-17
118.5,1.2242996379930925e-17
118.75,8.096576066076681e-18
119.0,7.268720816609218e-18
119.25,6.23347661097355e-18
119.5,5.985403544018048e-18
119.75,5.627838111850782e-18
120.0,4.87022522094515e-18
120.25,6.708419805243836e-18
120.5,7.221045127639733e-18
120.75,1.0327771482026746e-17
121.0,1.2022814837563063e-17
121.25,1.3561653074848937e-17
121.5,1.543876212646093e-17
121.75,1.5649533256481355e-17
122.0,1.760886846662891e-17
122.25,1.7573345396302943e-17
122.5,2.0709797732407095e-17
122.75,1.8900193655253875e-17
123.0,2.0887959487721733e-17
123.25,1.7487150840667564e-17
123.5,1.9382227843714366e-17
123.75,1.6814009614181072e-17
124.0,1.7813643895979352e-17
124.25,1.4361968186519423e-17
124.5,1.4715404339119953e-17
124.75,1.170120969747886e-17
125.0,1.2725071571220346e-17
