capture,condition,channel,window_start_sec,window_end_sec,rms_uV,ptp_uV,line_50_ratio_1_50,spectral_entropy_0p5_40,quality_score,quality_warnings,peak_freq,peak_delta,peak_theta,peak_alpha,peak_beta,peak_gamma,delta_abs,delta_rel,theta_abs,theta_rel,alpha_abs,alpha_rel,beta_abs,beta_rel,gamma_abs,gamma_rel,alpha_beta_ratio,theta_alpha_ratio,slow_power_rel,fast_power_rel
20260528-104617_bench_real_rest_60s,bench_real_rest_60s,0,0.0,4.0,96.40153007084483,1486.0,0.19344185408320289,0.7515162858388996,1.0,,0.75,0.75,5.75,12.25,15.75,49.5,4.374537390355954e-10,0.45978132805155536,7.082548072943139e-11,0.07444040519909255,6.034482490352642e-11,0.06342481789354261,7.431749160333869e-11,0.07811064791027653,3.084971419567804e-10,0.32424280094553304,0.8119868364988713,1.1736794471217782,0.5342217332506479,0.4023534488558096
20260528-104617_bench_real_rest_60s,bench_real_rest_60s,0,0.256,4.256,96.67859121853193,1486.0,0.23481651079672927,0.7004073582685842,1.0,,0.5,0.5,5.25,8.5,13.75,49.25,4.2157609110205274e-10,0.48853694341516285,8.302201535089341e-11,0.09620878050665788,2.7958407646131127e-11,0.03239916898154833,5.1497967602391036e-11,0.059677624551234175,2.788814677376589e-10,0.32317748254539674,0.5429031270125897,2.9694829691912714,0.5847457239218208,0.3828551070966309
20260528-104617_bench_real_rest_60s,bench_real_rest_60s,0,0.512,4.512,96.57920583645323,1486.0,0.2522950925314145,0.736054311126969,0.9965573612028782,high_50hz_ratio,0.5,0.5,5.5,8.5,20.25,49.25,3.4988898029549996e-10,0.4671110273108229,6.293908235743059e-11,0.08402533681726818,3.520428930117802e-11,0.04699865576598775,5.682877692884266e-11,0.07586791773101947,2.441877263963279e-10,0.3259970623749017,0.6194799748243494,1.7878242568391944,0.5511363641280911,0.4018649801059212
20260528-104617_bench_real_rest_60s,bench_real_rest_60s,0,0.768,4.768,86.43819179043486,1486.0,0.2634317425640875,0.7136573694794889,0.9798523861538687,high_50hz_ratio,0.75,0.75,5.5,9.25,20.5,49.5,3.045781122493322e-10,0.5018373685070586,2.8903582592081893e-11,0.047622915912496296,2.825985500350115e-11,0.046562279753505645,5.432522135646403e-11,0.08950881574436295,1.9085916011265784e-10,0.3144686200825765,0.5201976963530324,1.0227788708930385,0.549460284419555,0.40397743582693946
20260528-104617_bench_real_rest_60s,bench_real_rest_60s,0,1.024,5.024,87.13261157568961,1486.0,0.28272805843619686,0.7234196088230963,0.9509079123457047,high_50hz_ratio,0.75,0.75,6.0,9.75,17.5,49.5,2.6810317429768666e-10,0.4759708222913719,3.197189033399095e-11,0.05676056231837962,3.059276215208533e-11,0.05431215872708919,5.6371870903879114e-11,0.1000785082776766,1.7623679268000426e-10,0.3128779483854826,0.5426955263601185,1.0450802112947362,0.5327313846097516,0.4129564566631592
20260528-104617_bench_real_rest_60s,bench_real_rest_60s,0,1.28,5.28,88.13665525761685,1486.0,0.28326105775476595,0.7450373875492968,0.950108413367851,high_50hz_ratio,0.75,0.75,6.0,9.75,17.5,49.25,2.2578975109005616e-10,0.4378368196314523,3.564080369400311e-11,0.06911233155249483,2.778773181952264e-11,0.05388416465271226,5.7926760168266984e-11,0.11232781081153723,1.685487938697717e-10,0.3268388733518034,0.4797045741692475,1.2826093157039609,0.5069491511839471,0.4391666841633406
20260528-104617_bench_real_rest_60s,bench_real_rest_60s,0,1.536,5.536,97.53755686913631,1486.0,0.26161871394724867,0.738498846457597,0.982571929079127,high_50hz_ratio,0.75,0.75,6.0,9.75,20.0,49.25,2.6113772468584077e-10,0.4300865393729668,3.863931516686926e-11,0.063637872941769,3.508922786378623e-11,0.057790978302199994,6.271799665015427e-11,0.10329478886331411,2.0959057320571236e-10,0.3451898205197501,0.5594762227421994,1.1011731382880297,0.4937244123147358,0.4484846093830642
20260528-104617_bench_real_rest_60s,bench_real_rest_60s,0,1.792,5.792,97.94839457591942,1486.0,0.2515688495119639,0.7466236010786901,0.9976467257320542,high_50hz_ratio,0.75,0.75,6.0,9.5,20.75,49.0,2.631656241856399e-10,0.4109227771421628,4.0433121714357036e-11,0.06313473013356165,3.501005790351741e-11,0.05466682917322422,6.915137436571402e-11,0.10797715273599603,2.3266580652763634e-10,0.3632985108150553,0.5062814473991969,1.1549001668544734,0.47405750727572443,0.4712756635510513
20260528-104617_bench_real_rest_60s,bench_real_rest_60s,0,2.048,6.048,98.24995165393213,1486.0,0.25854630417797353,0.7626638501918179,0.9871805437330398,high_50hz_ratio,0.5,0.5,4.0,9.5,20.5,49.25,2.3378475801148836e-10,0.36842300220221336,4.082380809141398e-11,0.06433451892371293,3.524794223109526e-11,0.05554747370481761,7.174701407895269e-11,0.1130666111462804,2.529517486045005e-10,0.3986283940229756,0.49128096386432624,1.158189826338281,0.4327575211259263,0.511695005169256
20260528-104617_bench_real_rest_60s,bench_real_rest_60s,0,2.304,6.304,98.80366896021626,1486.0,0.22689710944096214,0.8446387649217587,1.0,,0.0,0.5,5.75,9.25,20.5,49.25,1.731021000227752e-10,0.30104364781161946,5.069481023982836e-11,0.08816386743839513,3.4070191180601825e-11,0.05925182093861465,8.021646709053943e-11,0.1395052854027736,2.369230834288811e-10,0.41203537840859716,0.4247281439376678,1.487952033233436,0.3892075152500146,0.5515406638113708
20260528-104617_bench_real_rest_60s,bench_real_rest_60s,0,2.56,6.56,99.24117593015512,1486.0,0.23468358109904086,0.8497506187061754,1.0,,0.0,0.5,5.75,12.75,20.5,49.5,1.5242369126294225e-10,0.2858254612567206,4.8569975071805434e-11,0.09107859423360767,2.8195627092207312e-11,0.0528725426623491,8.226913923126958e-11,0.15427138965822923,2.218169816199998e-10,0.41595201218909333,0.34272422630976634,1.7226066621241836,0.37690405549032824,0.5702234018473226
20260528-104617_bench_real_rest_60s,bench_real_rest_60s,0,2.816,6.816,97.70924214218428,1470.0,0.23407123804807858,0.8522305248880541,1.0,,0.0,0.5,4.0,12.75,20.5,49.5,1.463499139760289e-10,0.2773225457859719,4.8007209332724175e-11,0.09097020385274562,2.706402747611283e-11,0.05128438271666114,8.746018253138676e-11,0.16573074637052884,2.1884321054026022e-10,0.41469212127409255,0.3094439857406013,1.7738383311610273,0.3682927496387175,0.5804228676446214
20260528-104617_bench_real_rest_60s,bench_real_rest_60s,0,3.072,7.072,97.22520249400358,1470.0,0.199018548447845,0.8557332647639999,1.0,,0.0,0.5,4.0,12.75,20.5,49.25,1.754820533810463e-10,0.3047310631838871,5.963341088942666e-11,0.10355561922994537,2.8721681278804127e-11,0.04987625973075186,9.156721919501149e-11,0.15900985611045804,2.2045439920178576e-10,0.3828272017449577,0.3136677244466201,2.0762507010143105,0.4082866824138325,0.5418370578554157
20260528-104617_bench_real_rest_60s,bench_real_rest_60s,0,3.328,7.328,97.58560344641008,1470.0,0.18822598069723198,0.8393596952186153,1.0,,0.0,0.5,4.0,9.25,20.5,49.25,1.8372967624655037e-10,0.3539944175171716,5.691202479742915e-11,0.10965315717888563,1.993146717563735e-11,0.038402223621372335,6.76645561225319e-11,0.13037020268304847,1.9078084531548713e-10,0.367579998999522,0.2945628896100936,2.8553856219372507,0.4636475746960572,0.4979502016825704
20260528-104617_bench_real_rest_60s,bench_real_rest_60s,0,3.584,7.584,98.19956211715,1470.0,0.19349707008226072,0.8244835313820373,1.0,,0.0,0.5,4.0,11.25,20.5,49.25,2.0380138744817035e-10,0.40542252257521194,4.185747039794977e-11,0.08326715264227416,2.7227020318034487e-11,0.05416276796619615,6.028556852985352e-11,0.11992620646152254,1.6951741763854052e-10,0.3372213503547952,0.45163413038979006,1.5373503934334103,0.4886896752174861,0.45714755681631775
20260528-104617_bench_real_rest_60s,bench_real_rest_60s,0,3.84,7.84,98.5206983328884,1470.0,0.177768071548649,0.8276295534478049,1.0,,0.0,0.5,4.0,11.25,20.75,49.25,1.8757539022115516e-10,0.4180905972971193,3.8282491983535177e-11,0.0853286239764584,3.0967000394135804e-11,0.06902297618050843,4.857993270549498e-11,0.10828079876335268,1.4324289749715398e-10,0.31927700378256113,0.6374442834630164,1.2362350726996698,0.5034192212735777,0.4275578025459138
20260528-104617_bench_real_rest_60s,bench_real_rest_60s,0,4.096,8.096,99.33866820125988,1470.0,0.17726786045734624,0.8215414364730542,1.0,,0.5,0.5,4.0,9.25,20.75,49.25,2.0718109021858475e-10,0.4220987073628405,4.1246614598930524e-11,0.08403345443801559,3.574454091159299e-11,0.07282384940702545,5.3629745579626046e-11,0.10926212552253263,1.5303365117166232e-10,0.3117818632695858,0.6665058826080343,1.1539276641136842,0.5061321618008561,0.4210439887921184
20260528-104617_bench_real_rest_60s,bench_real_rest_60s,0,4.352,8.352,100.9418892234537,1470.0,0.1490559602483388,0.8058766302742537,1.0,,0.5,0.5,4.0,8.75,20.25,49.25,2.970234335436121e-10,0.45371421947508045,5.686216039143587e-11,0.08685904142939972,3.1423220475500146e-11,0.048000125045155835,7.671429878583416e-11,0.11718391300288507,1.9262560794630094e-10,0.29424270104747896,0.409613604932053,1.809558649017843,0.5405732609044802,0.411426614050364
20260528-104617_bench_real_rest_60s,bench_real_rest_60s,0,4.608,8.608,100.66430847127496,1470.0,0.14769845530556758,0.778758835989041,1.0,,1.0,1.0,4.0,8.75,20.25,49.25,3.262418629592734e-10,0.5042174803491585,4.933606602868843e-11,0.07625050530817507,3.0343451462043894e-11,0.04689679767798135,7.394991474293767e-11,0.11429201435247398,1.671547911167949e-10,0.25834320231221114,0.4103243603122847,1.625921365287073,0.5804679856573336,0.37263521666468513
20260528-104617_bench_real_rest_60s,bench_real_rest_60s,0,4.864,8.864,100.78834754077477,1470.0,0.1605494900059563,0.7717335297020935,1.0,,1.25,1.25,4.0,10.5,20.5,49.25,3.064466304206193e-10,0.5045536375858102,4.187669171682514e-11,0.0689485053458823,2.9635794966257483e-11,0.04879429782748347,7.126088915180939e-11,0.11732855665534313,1.5814184309494844e-10,0.2603750025854809,0.41587742335242806,1.4130443190238295,0.5735021429316924,0.37770355924082405
20260528-104617_bench_real_rest_60s,bench_real_rest_60s,0,5.12,9.12,100.18929084488022,1470.0,0.15429815907571884,0.7646961810327775,1.0,,1.25,1.25,4.0,10.5,20.25,49.5,3.026561131423026e-10,0.5161339498869735,5.456546969127644e-11,0.09305310607076603,2.757052791904916e-11,0.04701734033251539,5.372290921834644e-11,0.09161624738518735,1.4787561216740774e-10,0.2521793563245576,0.5131987139228453,1.9791231365423294,0.6091870559577395,0.343795603709745
20260528-104617_bench_real_rest_60s,bench_real_rest_60s,0,5.376,9.376,100.1058389905404,1470.0,0.14625061247113647,0.7527269705018257,1.0,,1.25,1.25,4.0,8.75,26.0,49.25,3.155815736455207e-10,0.5250447577701587,7.451802724524294e-11,0.12397840315111822,2.0992810814971976e-11,0.03492651722955934,4.605775772379411e-11,0.07662799816914904,1.439063480867699e-10,0.2394223236800147,0.4557931573843592,3.5496926972779193,0.6490231609212769,0.31605032184916376
20260528-104617_bench_real_rest_60s,bench_real_rest_60s,0,5.632,9.632,90.79606819681125,1470.0,0.13858156849269831,0.7302046045017053,1.0,,0.0,1.0,4.0,8.75,26.0,49.25,2.791543300824202e-10,0.5826166021604768,4.29267825097379e-11,0.08959150359631224,1.8236653626254057e-11,0.03806130167269359,4.0000278851494885e-11,0.08348366490696667,9.882094452848669e-11,0.20624692766355074,0.4559131623546799,2.353873873435813,0.672208105756789,0.2897305925705174
20260528-104617_bench_real_rest_60s,bench_real_rest_60s,0,5.888,9.888,90.57504071210788,1470.0,0.1541136036834479,0.7360217344587053,1.0,,0.0,0.5,4.0,8.75,25.75,49.5,2.876576658571311e-10,0.5549607821444172,5.385235008122158e-11,0.10389412787710284,1.8344549742746494e-11,0.035391045960784656,4.278940061726082e-11,0.08255103914331227,1.1569476161246027e-10,0.2232030048743829,0.42871714672596944,2.935604898262221,0.6588549100215201,0.3057540440176952
20260528-104617_bench_real_rest_60s,bench_real_rest_60s,0,6.144,10.144,89.85413179147635,1470.0,0.1472395773477674,0.7184436009567057,1.0,,0.0,0.5,4.0,9.0,26.0,49.5,3.610215434717281e-10,0.5850936650457035,6.195767517025293e-11,0.10041241000320891,2.1792320641995984e-11,0.03531797197381124,4.808085284551439e-11,0.07792278028446295,1.2417965767663246e-10,0.20125317269281334,0.4532432216212041,2.843096712281954,0.6855060750489124,0.27917595297727626
20260528-104617_bench_real_rest_60s,bench_real_rest_60s,0,6.4,10.4,100.13788493871837,1470.0,0.12670052240470459,0.7182461846990749,1.0,,0.0,0.5,4.0,9.5,26.0,49.5,4.574287087763122e-10,0.5831744120332683,8.939612173757648e-11,0.11397083246443004,2.721936766772691e-11,0.03470188562936565,5.261478641469313e-11,0.06707842455653408,1.5771820915172102e-10,0.20107444531640195,0.5173330449959913,3.284283559737887,0.6971452444976983,0.268152869872936
20260528-104617_bench_real_rest_60s,bench_real_rest_60s,0,6.656,10.656,100.11947862429169,1470.0,0.1401261459662557,0.720701011351057,1.0,,0.25,0.75,4.0,8.25,26.0,49.5,4.2718638077766533e-10,0.547045156719239,8.414621304994119e-11,0.10775572531464525,2.4419785220459944e-11,0.03127142117372274,5.6812047434299045e-11,0.07275221493639401,1.8833341262767151e-10,0.24117548185599894,0.4298346270428027,3.445821176979062,0.6548008820338843,0.31392769679239296
20260528-104617_bench_real_rest_60s,bench_real_rest_60s,0,6.912,10.912,87.98702177025882,1134.0,0.14385780768362205,0.7401392968215752,1.0,,0.0,0.75,4.5,8.25,25.75,49.0,3.3374059920544046e-10,0.48479238182199624,7.993167512562574e-11,0.1161089398755488,2.2035413561105116e-11,0.0320086937284636,5.872944657382273e-11,0.0853105326573857,1.9398251014793833e-10,0.2817794519166057,0.3752021319221299,3.6274188775251206,0.6009013216975451,0.3670899845739914
20260528-104617_bench_real_rest_60s,bench_real_rest_60s,0,7.168,11.168,87.6532942906312,1134.0,0.1561163447631893,0.7643242640173636,1.0,,0.0,0.75,4.5,8.0,25.75,49.0,2.988096359578815e-10,0.4492417283437313,8.375402531491358e-11,0.12591897502769928,2.1672759044741528e-11,0.03258364711039403,5.952272053968595e-11,0.08948871332495635,2.013830690161473e-10,0.3027669361932191,0.3641090133017612,3.864483757790629,0.5751607033714305,0.39225564951817543
20260528-104617_bench_real_rest_60s,bench_real_rest_60s,0,7.424,11.424,87.3493445882681,1134.0,0.17496756920138123,0.7691958964834892,1.0,,0.0,0.75,4.5,8.0,24.0,49.25,2.9048843423113087e-10,0.4370244052904075,7.804380273479848e-11,0.11741275196395418,2.084917285578292e-11,0.031366472101418255,6.077803180597019e-11,0.09143731754769834,2.1453669596696313e-10,0.3227590530965217,0.34303797336416736,3.743256544259094,0.5544371572543616,0.41419637064422005
20260528-104617_bench_real_rest_60s,bench_real_rest_60s,0,7.68,11.68,86.84572528340125,1134.0,0.2023623355561749,0.7825608561790841,1.0,,0.0,0.75,4.5,8.0,25.75,49.0,2.845487197559846e-10,0.3966921943266159,8.74648843871209e-11,0.12193566340345842,2.756058556371011e-11,0.03842248587015361,6.196564887822214e-11,0.08638692610339026,2.5576371269608937e-10,0.3565627302963817,0.44477199969088516,3.1735495671865785,0.5186278577300744,0.44294965639977196
20260528-104617_bench_real_rest_60s,bench_real_rest_60s,0,7.936,11.936,86.92541055410668,1134.0,0.212715077478051,0.7946825613415612,1.0,,0.0,1.25,4.0,8.0,24.25,49.0,2.878157037451496e-10,0.3614118883256622,9.055805924242965e-11,0.11371429275066179,3.0736747083023315e-11,0.038596315835844844,7.05451530095e-11,0.0885839675515476,3.167091302268726e-10,0.3976935355362835,0.4357031740916932,2.9462473370335003,0.475126181076324,0.48627750308783113
20260528-104617_bench_real_rest_60s,bench_real_rest_60s,0,8.192,12.192,86.16061165056803,1134.0,0.1992345723971641,0.7888202481628371,1.0,,0.0,0.5,5.0,8.0,17.0,49.25,2.560301147365836e-10,0.358123839684424,1.1146519546233171e-10,0.1559126895334755,2.5157676374022732e-11,0.03518946851182964,6.409144186568328e-11,0.08964833404642412,2.5817618383392483e-10,0.3611256682238467,0.39252785772468324,4.430663381035788,0.5140365292178996,0.4507740022702708
20260528-104617_bench_real_rest_60s,bench_real_rest_60s,0,8.448,12.448,85.4566147234958,1134.0,0.222743085980167,0.7689147296937316,1.0,,0.75,0.75,4.5,8.25,17.0,49.25,2.5618727652111616e-10,0.3536322316949097,1.0323658330075975e-10,0.14250427984153216,2.2473037019750342e-11,0.031021018460304337,6.381607365609691e-11,0.08808954469349758,2.7873252275736406e-10,0.3847529253097562,0.3521532387099985,4.5937975899755195,0.4961365115364419,0.47284247000325375
20260528-104617_bench_real_rest_60s,bench_real_rest_60s,0,8.704,12.704,93.6478616947552,1134.0,0.2389016489552049,0.7707395246342928,1.0,,0.75,0.75,4.5,8.25,17.0,49.5,3.9671275323420373e-10,0.377675826766039,1.0511117822354669e-10,0.10006724214004371,3.7914063142656494e-11,0.036094693267924985,1.0678477093179823e-10,0.10166052469676899,4.0388270158803404e-10,0.3845017131292234,0.35505121949338275,2.7723533040511246,0.4777430689060827,0.4861622378259924
20260528-104617_bench_real_rest_60s,bench_real_rest_60s,0,8.96,12.96,93.52289559246975,1143.0,0.2367961919410261,0.7623866880166453,1.0,,0.75,0.75,4.5,8.25,21.25,49.5,3.696398652141765e-10,0.39357571178878986,8.246167573042157e-11,0.08780144074041377,3.405829323476778e-11,0.03626372116118541,9.661091959897602e-11,0.10286691189464876,3.564128750441136e-10,0.3794922144149623,0.35253047353385053,2.421192252999986,0.48137715252920366,0.48235912630961103
20260528-104617_bench_real_rest_60s,bench_real_rest_60s,0,9.216,13.216,93.04092647862015,1143.0,0.2569181732344914,0.77242644228473,0.9896227401482629,high_50hz_ratio,0.75,0.75,5.0,8.0,21.5,49.5,3.4241658359637984e-10,0.36388379968315565,8.034984128189616e-11,0.08538723575391682,3.358335009878069e-11,0.03568880020845812,9.40272271896278e-11,0.09992210173956896,3.906282964878093e-10,0.41511806261490053,0.35716622836332335,2.3925499107610895,0.4492710354370725,0.5150401643544695
20260528-104617_bench_real_rest_60s,bench_real_rest_60s,0,9.472,13.472,93.05203920387774,1143.0,0.26774109721622785,0.782639200199876,0.9733883541756583,high_50hz_ratio,0.75,0.75,5.0,8.0,21.5,49.25,3.1981740834047606e-10,0.3397282803553286,7.911593638617564e-11,0.08404145714470589,3.4111350564547514e-11,0.03623502087651945,9.583035346612619e-11,0.10179646366914179,4.1251672470931863e-10,0.43819877795430423,0.35595559580822256,2.3193434172730214,0.4237697375000345,0.539995241623446
20260528-104617_bench_real_rest_60s,bench_real_rest_60s,0,9.728,13.728,92.98023983621466,1143.0,0.2715425110790016,0.7831746036787955,0.9676862333814975,high_50hz_ratio,0.75,0.75,5.0,8.0,21.75,49.25,3.125241701908033e-10,0.3324408085530534,7.80043951290646e-11,0.08297548369320075,3.282542025746238e-11,0.03491732893754179,9.739735964023191e-11,0.10360432913064989,4.1933832533480725e-10,0.44606204968555413,0.3370257713218664,2.3763410953232635,0.41541629224625415,0.5496663788162041
20260528-104617_bench_real_rest_60s,bench_real_rest_60s,0,9.984,13.984,93.31819222423889,1143.0,0.28054150695543695,0.7964929346659081,0.9541877395668446,high_50hz_ratio,0.75,0.75,5.0,8.0,21.25,49.25,2.9371806903320255e-10,0.3257338202771969,8.072156609520684e-11,0.08952034918892807,2.9421357582571294e-11,0.032628333812275874,9.768433687339213e-11,0.10833208980213528,4.0016659207991994e-10,0.44378540691946394,0.3011880770681187,2.7436383881559867,0.4152541694661249,0.5521174967215993
20260528-104617_bench_real_rest_60s,bench_real_rest_60s,0,10.24,14.24,88.64089913803898,1006.0,0.23563826141910857,0.7834890226856129,1.0,,0.75,0.75,5.0,8.0,16.5,49.25,2.445719823908706e-10,0.3476695080461049,9.280592691556305e-11,0.13192758483238673,2.5777701065292782e-11,0.036644101913549505,7.078967243561732e-11,0.10063053972839157,2.695158396976462e-10,0.3831282654795673,0.36414494061598335,3.6002406374600016,0.4795970928784916,0.4837588052079589
20260528-104617_bench_real_rest_60s,bench_real_rest_60s,0,10.496,14.496,82.03911871784095,1006.0,0.22269115304241432,0.7715340241377936,1.0,,1.0,1.0,5.25,8.25,16.5,50.0,2.3034194320000723e-10,0.3789088087584667,8.275227037944431e-11,0.1361261598991877,2.337789933457018e-11,0.03845627012204984,6.100377882678716e-11,0.10035023949134668,2.104327603561061e-10,0.3461585217289491,0.3832205116497602,3.5397650231590303,0.5150349686576544,0.4465087612202958
20260528-104617_bench_real_rest_60s,bench_real_rest_60s,0,10.752,14.752,81.98838332349285,1006.0,0.21499332212668318,0.7592100071704347,1.0,,1.0,1.0,4.75,8.25,16.5,50.0,2.5125035415652327e-10,0.41291798789965783,7.350312514949795e-11,0.12079888461434603,2.2184733707004236e-11,0.036459553002974626,6.497617285560736e-11,0.10678524472941989,1.9656081143272333e-10,0.3230383297536017,0.341428753526374,3.3132299950164064,0.5337168725140039,0.42982357448302155
20260528-104617_bench_real_rest_60s,bench_real_rest_60s,0,11.008,15.008,93.87731355338201,1483.0,0.18932845597918252,0.7612676610368784,1.0,,0.75,0.75,4.75,8.0,16.25,50.0,2.671571822673175e-10,0.4312997289135999,6.92168748546999e-11,0.11174402689727243,2.349888011642846e-11,0.037936695311629826,7.127466592229772e-11,0.11506613383852513,1.8827588439919348e-10,0.30395341503897266,0.3296947072617147,2.94553929854339,0.5430437558108724,0.4190195488774978
20260528-104617_bench_real_rest_60s,bench_real_rest_60s,0,11.264,15.264,94.35738974770338,1483.0,0.19502526329222558,0.7625740555545923,1.0,,1.0,1.0,4.75,8.0,16.25,49.25,2.8433366270232457e-10,0.43115833473612714,6.374690239127681e-11,0.09666462992243037,2.5305547146380776e-11,0.03837286610218484,6.927261946352185e-11,0.10504372562446271,2.1680587745530863e-10,0.328760443614795,0.3653037425516496,2.5190880885732576,0.5278229646585575,0.4338041692392577
20260528-104617_bench_real_rest_60s,bench_real_rest_60s,0,11.52,15.52,94.50097883090947,1483.0,0.19486934349445625,0.7592002822610915,1.0,,0.75,0.75,5.5,8.0,16.5,49.25,2.852417610693545e-10,0.43456183579955504,5.6266168040510054e-11,0.08572072050538625,2.54504902861581e-11,0.03877346619684658,6.455958400051206e-11,0.09835562379274715,2.2487134691200104e-10,0.34258835370546503,0.39421707373387405,2.210808805954982,0.5202825563049412,0.4409439774982122
20260528-104617_bench_real_rest_60s,bench_real_rest_60s,0,11.776,15.776,94.4690054991583,1483.0,0.19844778918271624,0.7705678281064153,1.0,,0.75,0.75,4.25,8.0,16.5,49.25,2.738142463380992e-10,0.41559506178907213,5.5632322150410815e-11,0.08443869766009506,2.5256820144772496e-11,0.038334783047414,6.532922609767163e-11,0.0991566513422728,2.388160375108974e-10,0.36247480616114597,0.38660828626703514,2.2026653328299233,0.5000337594491672,0.4616314575034188
20260528-104617_bench_real_rest_60s,bench_real_rest_60s,0,12.032,16.032,93.50079678804882,1483.0,0.21255141654812099,0.8039093603879827,1.0,,1.25,1.25,5.25,8.0,16.5,49.75,2.1862329641315772e-10,0.37011684600699574,4.5827338525302663e-11,0.07758308594810434,2.3978027223226026e-11,0.04059344065766351,7.195246086183062e-11,0.12181143690329879,2.3030611202610143e-10,0.3898951904839376,0.33324818826239616,1.911222224358498,0.44769993195510005,0.5117066273872364
20260528-104617_bench_real_rest_60s,bench_real_rest_60s,0,12.288,16.288,92.60035637080453,1483.0,0.25755616336304854,0.865673431307211,0.9886657549554272,high_50hz_ratio,49.25,1.75,4.25,10.25,16.5,49.25,1.4072675264278078e-10,0.29132825810081503,3.668395210556999e-11,0.07594200581247956,2.7126948792945197e-11,0.05615738721335544,7.668627122791122e-11,0.15875359444827,2.018282637146228e-10,0.41781875442507993,0.35373931159495337,1.3523066079259989,0.3672702639132946,0.57657234887335
20260528-104617_bench_real_rest_60s,bench_real_rest_60s,0,12.544,16.544,91.99630970859647,1483.0,0.2494571559635858,0.8754480272013789,1.0,,50.0,1.75,5.5,8.0,16.5,50.0,1.2503677013158843e-10,0.3061111704675399,4.124160814168819e-11,0.10096643512888072,2.735975106895433e-11,0.06698130009759666,6.770646947999045e-11,0.1657568937436,1.4712389953611394e-10,0.3601842005623827,0.40409360108549247,1.5073824333323662,0.4070776055964206,0.5259410943059827
20260528-104617_bench_real_rest_60s,bench_real_rest_60s,0,12.8,16.8,83.13193730450409,1483.0,0.27190720696014875,0.8875845829804597,0.9671391895597768,high_50hz_ratio,49.5,2.0,5.5,8.0,26.0,49.5,8.843541656036712e-11,0.2994083798502679,2.917886922512338e-11,0.09878845263982511,1.7483063204850463e-11,0.05919094218786116,5.737132321800621e-11,0.19423728187952563,1.0289853362801945e-10,0.34837494344252024,0.3047352270125667,1.668979221960832,0.398196832490093,0.5426122253220459
20260528-104617_bench_real_rest_60s,bench_real_rest_60s,0,13.056,17.056,83.36735572152928,1483.0,0.28238708567862686,0.8908795885927615,0.9514193714820597,high_50hz_ratio,49.5,2.0,4.0,10.25,20.0,49.5,8.699781863263124e-11,0.304079560525719,2.7715576232424127e-11,0.09687300639181204,1.6581477593802552e-11,0.05795649245967811,5.7778668757225224e-11,0.20195118084108166,9.702861731841981e-11,0.3391397597817092,0.28698268669835075,1.67147807399161,0.400952566917531,0.5410909406227908
20260528-104617_bench_real_rest_60s,bench_real_rest_60s,0,13.312,17.312,83.67554003411033,1483.0,0.2738081335555369,0.8856893731369662,0.9642877996666946,high_50hz_ratio,50.0,2.0,4.0,10.25,23.25,50.0,8.747392824961664e-11,0.30798877572308664,2.6702111719354827e-11,0.09401602125603888,1.6018818322768912e-11,0.056400991043657256,5.289535648392937e-11,0.18624036225322985,1.0092639603830559e-10,0.3553538497239873,0.30283978382177534,1.666921440853152,0.4020047969791255,0.5415942119772171
20260528-104617_bench_real_rest_60s,bench_real_rest_60s,0,13.568,17.568,83.74656410862478,1483.0,0.2690968599334313,0.8888598714694406,0.9713547100998531,high_50hz_ratio,49.75,1.5,4.0,10.25,23.25,49.75,8.479873403524945e-11,0.296868088984581,2.671133547124716e-11,0.09351251767837633,1.6482065820941878e-11,0.05770132583284975,5.1339765722060737e-11,0.17973308578508704,1.0631258948937376e-10,0.3721849817191059,0.32103897610618665,1.6206303118452614,0.3903806066629573,0.5519180675041929
20260528-104617_bench_real_rest_60s,bench_real_rest_60s,0,13.824,17.824,83.75865328430251,1483.0,0.2697691599499115,0.8919196915766886,0.9703462600751327,high_50hz_ratio,49.75,1.0,7.75,8.0,27.0,49.75,8.581793522699628e-11,0.2908365677411945,2.7771758320734757e-11,0.09411835473291147,1.6812865523647402e-11,0.056978720005997734,5.4317660285163413e-11,0.18408228819865127,1.1035249413856008e-10,0.37398406932124506,0.3095285296785832,1.6518158835966186,0.38495492247410595,0.5580663575198963
20260528-104617_bench_real_rest_60s,bench_real_rest_60s,0,14.08,18.08,83.50857441005684,1483.0,0.26487709335019777,0.8818950743657035,0.9776843599747034,high_50hz_ratio,49.75,0.75,7.75,8.0,27.0,49.75,9.524985024945199e-11,0.31249793754654215,2.7572012077591784e-11,0.0904589024097217,1.7405894486267822e-11,0.05710566592877892,5.52718931838684e-11,0.18133732052089008,1.093018824457849e-10,0.35860017359406715,0.31491402743099617,1.5840617728289919,0.40295683995626386,0.5399374941149573
20260528-104617_bench_real_rest_60s,bench_real_rest_60s,0,14.336,18.336,83.38257611755589,1483.0,0.26026907791277387,0.8778911598571243,0.9845963831308392,high_50hz_ratio,49.5,0.75,4.25,8.25,27.0,49.5,1.1937727602672185e-10,0.3070777067367396,3.350085418395683e-11,0.08617524053931848,2.458594649931359e-11,0.06324315916934992,6.63875761848322e-11,0.17077073065468135,1.4490100940464036e-10,0.3727331628999106,0.3703395712303596,1.362601768652353,0.3932529472760581,0.5435038935545919
20260528-104617_bench_real_rest_60s,bench_real_rest_60s,0,14.592,18.592,83.5093348075531,1483.0,0.251242738188846,0.7775731210151839,0.998135892716731,high_50hz_ratio,0.0,0.75,5.0,8.0,21.25,49.5,2.6438854901585774e-10,0.3889598292515862,4.801726098512543e-11,0.07064143172397011,2.558424087425134e-11,0.03763870258005534,8.395862720969133e-11,0.1235172000649711,2.5778359535981204e-10,0.37924283637941725,0.30472438300299115,1.876829616369477,0.4596012609755563,0.5027600364443884
20260528-104617_bench_real_rest_60s,bench_real_rest_60s,0,14.848,18.848,84.95863699471644,1352.0,0.2383859511991115,0.728613931090687,1.0,,0.0,0.5,5.0,9.25,21.5,49.5,4.99206911253108e-10,0.4349815025140628,8.439500327909519e-11,0.07353717367187498,3.4329083676859174e-11,0.029912479296826288,1.3537336527344336e-10,0.11795692026621724,3.9434653286099754e-10,0.34361192425101866,0.2535881678609169,2.4584111849156307,0.5085186761859378,0.4615688445172359
20260528-104617_bench_real_rest_60s,bench_real_rest_60s,0,15.104,19.104,84.89432843246951,1352.0,0.1875535959627507,0.7503344895148762,1.0,,0.0,0.75,4.75,12.75,21.25,49.5,5.165561493267118e-10,0.4657021363073616,1.1903560790630536e-10,0.10731676889505039,3.2371079385560435e-11,0.02918420551972921,1.323041760137213e-10,0.11927907061465513,3.089315695828935e-10,0.2785178186632036,0.2446716374410073,3.677220845450178,0.573018905202412,0.3977968892778587
20260528-104617_bench_real_rest_60s,bench_real_rest_60s,0,15.36,19.36,84.30824396226029,1352.0,0.19978008182328344,0.7453212139632394,1.0,,0.25,0.75,4.75,12.75,21.25,49.5,5.324004680540501e-10,0.4691536551628255,1.2990841312087422e-10,0.11447587015620929,3.1531452502221124e-11,0.027785655876824362,1.2951766048160645e-10,0.1141315371963848,3.114524505542369e-10,0.27445328160775617,0.24345291896852234,4.119962856507269,0.5836295253190348,0.388584818804141
20260528-104617_bench_real_rest_60s,bench_real_rest_60s,0,15.616,19.616,83.78603702288348,1352.0,0.2246671357071589,0.7427087958711273,1.0,,0.5,0.5,4.75,11.25,21.25,49.75,5.276870788972278e-10,0.4646730453121354,1.285349931764934e-10,0.1131859185055545,3.0618431676526594e-11,0.02696211534977554,1.264453011916235e-10,0.11134576820207705,3.223235965949964e-10,0.2838331526304576,0.24214764319415408,4.197961363090777,0.5778589638176899,0.39517892083253464
20260528-104617_bench_real_rest_60s,bench_real_rest_60s,0,15.872,19.872,97.85872470045786,1653.0,0.2157122727673365,0.7544063275953904,1.0,,0.0,0.75,4.25,13.0,13.75,49.75,5.364785464312573e-10,0.49564748581963586,8.515267018398679e-11,0.07867175149552756,4.926669563462824e-11,0.04551703695960129,1.489599180722687e-10,0.1376226679921477,2.6252140447635785e-10,0.24254105773308754,0.3307379345544903,1.7284023027543023,0.5743192373151634,0.38016372572523527
20260528-104617_bench_real_rest_60s,bench_real_rest_60s,0,16.128,20.128,112.00144195500341,1653.0,0.18043183572120663,0.7592385803252546,1.0,,0.0,0.75,4.5,10.5,16.25,49.5,8.209681804069012e-10,0.5033916214462382,1.8648979278641305e-10,0.11434961964956601,6.710681934459712e-11,0.04114777089561918,1.9092569701248962e-10,0.11706957527542006,3.6538325850338913e-10,0.22404141273315653,0.35148133747657473,2.7789991331399264,0.6177412410958042,0.3411109880085766
20260528-104617_bench_real_rest_60s,bench_real_rest_60s,0,16.384,20.384,112.73500343726433,1653.0,0.20728741141075044,0.7121821784206293,1.0,,0.0,0.75,4.25,11.25,21.25,49.25,1.069404666462664e-09,0.49781319712019506,2.3421069074716586e-10,0.10902624274704016,1.0327895006389301e-10,0.048076865511151715,1.77816751554755e-10,0.08277458325088621,5.634936746921973e-10,0.2623091113707268,0.5808167631050801,2.267748564468099,0.6068394398672352,0.34508369462161304
20260528-104617_bench_real_rest_60s,bench_real_rest_60s,0,16.64,20.64,112.92078639471123,1653.0,0.23640184322549174,0.6928505065006869,1.0,,0.0,0.75,4.25,11.25,13.0,49.75,1.1505141211199208e-09,0.48942933310312,2.5948545986517064e-10,0.11038525580906745,1.1094100184983221e-10,0.04719436254837223,1.5582605185027673e-10,0.06628848723989175,6.739590846445684e-10,0.2867025612995486,0.7119541343217006,2.3389500323460712,0.5998145889121874,0.3529910485394403
20260528-104617_bench_real_rest_60s,bench_real_rest_60s,0,16.896,20.896,115.66335201782802,1653.0,0.22772971426967592,0.6930253906212347,1.0,,0.0,0.75,5.0,11.25,13.0,49.25,1.1643454753755355e-09,0.5030197985351881,2.596388738155525e-10,0.11216902264895122,1.1633111657925214e-10,0.050257295676092606,1.5370630337016092e-10,0.06640410032074866,6.206892596622455e-10,0.2681497828190194,0.7568402468121262,2.231895312709992,0.6151888211841393,0.3345538831397681
20260528-104617_bench_real_rest_60s,bench_real_rest_60s,0,17.152,21.152,115.83346666658993,1653.0,0.20113052851449173,0.7263117479807845,1.0,,0.0,0.75,4.25,10.5,13.25,49.25,1.2881023320921523e-09,0.47114800673750784,4.0406000655366286e-10,0.1477926574210124,1.5032700757226963e-10,0.05498497146686487,1.7861583253775216e-10,0.0653321489879128,7.12860185995874e-10,0.260742215386702,0.8416219628262607,2.6878736767204736,0.6189406641585202,0.3260743643746148
20260528-104617_bench_real_rest_60s,bench_real_rest_60s,0,17.408,21.408,115.82693123794655,1653.0,0.21463667763692418,0.7515826621667566,1.0,,0.0,0.5,4.25,10.5,13.25,49.25,1.1302176252736679e-09,0.4158882558209223,3.612797384246656e-10,0.13294076903153196,1.6068208298407344e-10,0.059126481254207996,1.9751507886373413e-10,0.07267998641153744,8.679047561232344e-10,0.31936450748180034,0.8135180559805674,2.2484133371638895,0.5488290248524543,0.3920444938933378
20260528-104617_bench_real_rest_60s,bench_real_rest_60s,0,17.664,21.664,116.3771498190259,1653.0,0.23723944666010824,0.7318245367879386,1.0,,0.75,0.75,5.0,11.25,13.0,49.25,9.262223083568726e-10,0.43795738978589366,2.275784836587516e-10,0.10760880813962848,1.1013669613664239e-10,0.052077324767976815,1.5504827730404484e-10,0.07331343480523829,6.958827810241563e-10,0.3290430425012627,0.710338083412999,2.0663274970260925,0.5455661979255222,0.402356477306501
20260528-104617_bench_real_rest_60s,bench_real_rest_60s,0,17.92,21.92,116.35520186050987,1653.0,0.23015434067162552,0.7481681896791205,1.0,,0.75,0.75,4.5,11.25,13.0,49.25,9.210327812630417e-10,0.429790706686445,2.4905770799724684e-10,0.11622028064956812,1.1726674525181304e-10,0.0547213501385702,1.6359067791388098e-10,0.0763379485489143,6.920318377969176e-10,0.32292971397650233,0.7168302420847339,2.123856234454467,0.546010987336013,0.3992676625254166
20260528-104617_bench_real_rest_60s,bench_real_rest_60s,0,18.176,22.176,116.26147685282515,1653.0,0.20880177881113413,0.7851068275936046,1.0,,0.75,0.75,4.75,9.0,16.75,49.25,7.392392929261365e-10,0.40261331009630186,2.5721161841449434e-10,0.14008565572208254,8.740861675347183e-11,0.047605522134455416,1.7404536640350828e-10,0.09479066081196759,5.781975750141804e-10,0.31490485123519263,0.5022174307750483,2.9426345818963897,0.5426989658183844,0.4096955120471602
20260528-104617_bench_real_rest_60s,bench_real_rest_60s,0,18.432,22.432,116.44844352759722,1653.0,0.21212178562761588,0.7893519256885356,1.0,,0.75,0.75,4.5,9.0,16.75,49.25,7.204188908451309e-10,0.4197807069706873,2.344720306485254e-10,0.13662445008212526,7.279770553952822e-11,0.04241847720203159,1.840348884759454e-10,0.10723524406901119,5.044556201256976e-10,0.29394112167614467,0.395564700489078,3.2208711649738753,0.5564051570528126,0.40117636574515586
20260528-104617_bench_real_rest_60s,bench_real_rest_60s,0,18.688,22.688,116.31206300294049,1653.0,0.2610942828355738,0.7791643126372825,0.9833585757466393,high_50hz_ratio,0.25,0.5,4.75,11.0,16.5,49.5,5.766807742650749e-10,0.3694957182205014,1.167977478516163e-10,0.07483562770749307,9.224934091769574e-11,0.0591067675547029,2.2762078938769732e-10,0.14584309172420123,5.473751823286423e-10,0.35071879479310136,0.40527643000381286,1.2661092934617548,0.4443313459279945,0.4965618865173026
20260528-104617_bench_real_rest_60s,bench_real_rest_60s,0,18.944,22.944,121.26355181999247,1757.0,0.1640268456712237,0.7854217469245154,0.9984205602250094,high_rms,0.0,0.5,5.0,8.25,13.5,49.5,5.509981082907071e-10,0.45760008712954103,1.7713321148804187e-10,0.1471078970886377,6.782392708372454e-11,0.0563272985441998,1.0350975529332783e-10,0.08596413005467872,3.04639026204504e-10,0.25300058718294277,0.6552418841250649,2.6116625666541196,0.6047079842181787,0.3389647172376215
20260528-104617_bench_real_rest_60s,bench_real_rest_60s,0,19.2,23.2,121.81618119117017,1757.0,0.2032646240959319,0.7477772166710266,0.9977297735110373,high_rms,0.75,0.75,4.25,10.5,13.0,49.25,5.799647868487903e-10,0.47114486680135714,1.1866932193464286e-10,0.09640316644065801,7.743173875698894e-11,0.06290307113485252,1.0774823783668696e-10,0.08753122657579968,3.471550447467549e-10,0.2820176690473327,0.718635778288565,1.5325669272011775,0.5675480332420152,0.3695488956231324
20260528-104617_bench_real_rest_60s,bench_real_rest_60s,0,19.456,23.456,121.98112149017159,1757.0,0.19596749773729297,0.7704411930709817,0.9975235981372855,high_rms,1.0,1.0,4.5,12.5,13.0,49.25,4.577095310530407e-10,0.43806967957008813,1.1246161381738538e-10,0.10763600009720557,4.946366465503774e-11,0.047341229001595035,8.27745970026318e-11,0.07922282304688136,3.424233047935981e-10,0.32773026828423,0.5975705886368139,2.2736207396216743,0.5457056796672937,0.40695309133111135
20260528-104617_bench_real_rest_60s,bench_real_rest_60s,0,19.712,23.712,122.27240081064902,1757.0,0.2506930252582697,0.7668813052292607,0.9961199610992841,high_rms;high_50hz_ratio,1.0,1.0,4.25,9.25,13.0,49.25,3.7450166713895286e-10,0.429138775677159,7.916983401030109e-11,0.09072014524607895,4.2744994349053636e-11,0.04898118259771026,7.411908715756109e-11,0.08493253063491113,3.0214637564074157e-10,0.34622736584414066,0.5767069723644472,1.8521428114787877,0.5198589209232379,0.4311598964790518
20260528-104617_bench_real_rest_60s,bench_real_rest_60s,0,19.968,23.968,98.88706184329676,1668.0,0.2865665300622987,0.7507167279444863,0.945150204906552,high_50hz_ratio,1.0,1.0,4.0,9.5,13.0,49.25,3.114639110431184e-10,0.44804052117127824,3.774938654212356e-11,0.054302454379337846,3.576829689574749e-11,0.051452658925743605,6.070429592922059e-11,0.08732306832716252,2.4948317650561717e-10,0.3588812971964778,0.589221839216326,1.055386747995027,0.5023429755506161,0.44620436552364034
20260528-104617_bench_real_rest_60s,bench_real_rest_60s,0,20.224,24.224,96.23346091666869,1668.0,0.27052693194868027,0.7490113186998267,0.9692096020769796,high_50hz_ratio,1.0,1.0,4.25,12.5,25.0,49.5,2.493435066804152e-10,0.48015307040031435,3.552710797574491e-11,0.06841345180430672,2.6197242428400912e-11,0.050447218600082694,4.2405700907771874e-11,0.08165934523188186,1.6582647787442088e-10,0.3193269139634144,0.617776427876461,1.356139222395,0.5485665222046211,0.40098625919529624
20260528-104617_bench_real_rest_60s,bench_real_rest_60s,0,20.48,24.48,95.79564186329146,1668.0,0.28405189167236716,0.743269008167223,0.9489221624914492,high_50hz_ratio,1.0,1.0,4.0,12.75,28.25,49.25,2.534360249530662e-10,0.4918444311151396,3.647111474523025e-11,0.07077965607819452,2.6008333200400158e-11,0.05047448897437834,3.9146185013060216e-11,0.07597117695340361,1.6021514288165802e-10,0.31093024687888404,0.6643899831292138,1.4022857391210717,0.5626240871933341,0.38690142383228765
20260528-104617_bench_real_rest_60s,bench_real_rest_60s,0,20.736,24.736,117.32794637255013,1750.0,0.29638527608913834,0.7513752870652836,0.9304220858662925,high_50hz_ratio,0.0,1.0,4.0,12.5,13.0,49.25,3.5050296380344566e-10,0.49899878716394913,5.1648203523944337e-11,0.0735297374891746,3.360128645485953e-11,0.04783697406201079,5.766696165825688e-11,0.0820984325343307,2.0899304090136793e-10,0.2975360687505348,0.5826782873352306,1.5370900633024662,0.5725285246531238,0.3796345012848655
20260528-104617_bench_real_rest_60s,bench_real_rest_60s,0,20.992,24.992,143.00624811524844,1750.0,0.22103864584017308,0.7282614725547035,0.9712421898559395,high_rms,0.25,0.5,4.25,10.5,28.75,49.5,6.438194631924201e-10,0.5439419669459481,1.2460476503616229e-10,0.10527448276963769,7.967772631648718e-11,0.06731709998244928,7.167999019013382e-11,0.06056007480941079,2.6383598202130467e-10,0.22290637549255418,1.111575575068287,1.563859447259085,0.6492164497155858,0.283466450301965
20260528-104617_bench_real_rest_60s,bench_real_rest_60s,0,21.248,25.248,174.57937449767655,1750.0,0.12774046733765326,0.8383153677268353,0.9317757818779043,high_rms,0.25,0.5,4.25,8.5,17.0,49.5,1.075365978948789e-09,0.40403351269565047,3.082312084254276e-10,0.11580777177300056,1.8468259100139928e-10,0.069388429089947,5.521414599286895e-10,0.20744905262668423,5.4115495564582e-10,0.20332123381471776,0.3344841936435122,1.668978146527586,0.5198412844686511,0.410770286441402
20260528-104617_bench_real_rest_60s,bench_real_rest_60s,0,21.504,25.504,200.49149607901077,1750.0,0.1058970579105948,0.8658085595681542,0.6493856299012366,high_rms;artifact_rms_range,0.0,0.5,4.25,8.5,17.5,49.5,1.1107511765927682e-09,0.37035794101152,3.773762362435961e-10,0.12582861831448378,2.1914397690690369e-10,0.07306921098322008,6.827274983908e-10,0.2276419380905734,6.091299372371107e-10,0.20310229160020277,0.3209830824500693,1.72204703761451,0.49618655932600375,0.4307442296907762
20260528-104617_bench_real_rest_60s,bench_real_rest_60s,0,21.76,25.76,204.5100559874746,1750.0,0.09703225131785374,0.8863109026320616,0.6443624300156567,high_rms;artifact_rms_range,0.0,0.5,6.25,10.5,17.0,49.5,9.231138717293159e-10,0.24740997620030517,8.190184917947188e-10,0.21951067118397638,1.8947645251040215e-10,0.050782862268440664,9.626845545730389e-10,0.2580155818578769,8.368167725904492e-10,0.22428090848940085,0.19682091253083106,4.322534441316686,0.4669206473842815,0.48229649034727773
20260528-104617_bench_real_rest_60s,bench_real_rest_60s,0,22.016,26.016,204.90770605323755,1750.0,0.09829971047482111,0.8890717010863667,0.6438653674334531,high_rms;artifact_rms_range,0.25,0.5,4.25,13.0,24.25,49.5,1.0176290795792874e-09,0.3109398084377111,5.176761064364156e-10,0.15817758414948843,2.414480275562761e-10,0.07377521431192771,7.823130737162695e-10,0.23903825289684152,7.136863547496833e-10,0.2180691402040312,0.30863350705531584,2.1440477757299425,0.46911739258719953,0.4571073931008727
20260528-104617_bench_real_rest_60s,bench_real_rest_60s,0,22.272,26.272,205.0335094563813,1750.0,0.10052713735540887,0.8764156544879551,0.6437081131795234,high_rms;artifact_rms_range,0.25,0.5,4.25,8.5,17.5,49.5,9.255844150568763e-10,0.3140868014116618,5.035412367079596e-10,0.1708711316263433,2.465347621113195e-10,0.0836588360917584,6.225772470024571e-10,0.2112646809536696,6.48668770390836e-10,0.22011854991656685,0.39599063939184803,2.042475602205713,0.48495793303800505,0.43138323087023644
20260528-104617_bench_real_rest_60s,bench_real_rest_60s,0,22.528,26.528,204.9511063644205,1750.0,0.07948332569742605,0.8344024872730499,0.6438111170444745,high_rms;artifact_rms_range,0.25,0.5,6.25,9.25,13.5,49.5,9.271684305944777e-10,0.3837482609477553,5.581936234224344e-10,0.23103227546600338,1.2630221103320557e-10,0.052275565300225306,4.3375797901764207e-10,0.17952926849925957,3.7066279122235546e-10,0.1534146297867565,0.2911812972737696,4.41950793146196,0.6147805364137587,0.33294389828601606
20260528-104617_bench_real_rest_60s,bench_real_rest_60s,0,22.784,26.784,204.85725029883614,1750.0,0.06839444527420578,0.8064253513051135,0.6439284371264549,high_rms;artifact_rms_range,0.0,0.5,6.5,8.75,25.25,49.5,9.732217308699803e-10,0.39011221853327904,6.989252040363784e-10,0.2801615020368702,1.7452033783871856e-10,0.0699558117270765,3.416049638790216e-10,0.1369310467427587,3.0645026791329305e-10,0.12283942096001557,0.5108834949498111,4.004835268438938,0.6702737205701492,0.25977046770277423
20260528-104617_bench_real_rest_60s,bench_real_rest_60s,0,23.04,27.04,205.63516965733268,1980.0,0.05358628942394311,0.7947683225105386,0.6429560379283341,high_rms;artifact_rms_range,0.0,0.5,6.75,11.0,13.0,49.75,9.749281955423887e-10,0.4238125862605267,4.669764669701517e-10,0.2030000825643559,3.153693523704564e-10,0.13709471268401655,2.990712283948209e-10,0.13000972929253102,2.440305056931658e-10,0.10608288919856976,1.0544957937382042,1.480728750146927,0.6268126688248826,0.23609261849110078
20260528-104617_bench_real_rest_60s,bench_real_rest_60s,0,23.296,27.296,205.44491962567486,1980.0,0.052087674294940545,0.8125786741450005,0.6431938504679064,high_rms;artifact_rms_range,0.0,0.5,4.0,9.0,15.5,49.75,1.310215966694362e-09,0.4541090087334917,5.855551395641774e-10,0.20294811752078018,1.5437717821436432e-10,0.05350573428506535,4.747671293579847e-10,0.16454999478898322,3.603300701742614e-10,0.12488714467167962,0.32516399865998424,3.7930162109265275,0.6570571262542719,0.28943713946066285
20260528-104617_bench_real_rest_60s,bench_real_rest_60s,0,23.552,27.552,205.28777362522104,1980.0,0.06479791718943666,0.8672519634428526,0.6433902829684737,high_rms;artifact_rms_range,0.0,0.5,6.0,8.75,17.75,49.25,9.873639910413834e-10,0.29693119177677924,7.549333612526154e-10,0.2270320415800879,2.5525190743926327e-10,0.07676222119392635,6.256115083363975e-10,0.18814092112440534,7.020674948594951e-10,0.21113362432480112,0.40800385548855955,2.9576012529201194,0.5239632333568671,0.3992745454492065
20260528-104617_bench_real_rest_60s,bench_real_rest_60s,0,23.808,27.808,205.17135765013595,1980.0,0.08016342067606545,0.8839507655109196,0.6435358029373301,high_rms;artifact_rms_range,0.0,0.5,6.0,9.0,24.25,49.25,1.0518139390745819e-09,0.3036970555706325,5.575653675317807e-10,0.1609894622204207,2.513330136024433e-10,0.07256900993907005,6.757778703729221e-10,0.19512172431620195,9.268754225562494e-10,0.2676227479536748,0.37191660843192065,2.218432666445218,0.4646865177910532,0.46274447226987675
20260528-104617_bench_real_rest_60s,bench_real_rest_60s,0,24.064,28.064,205.15835834788695,1980.0,0.08276680685061508,0.8870388861663393,0.6435520520651413,high_rms;artifact_rms_range,0.0,0.5,6.0,9.0,24.25,49.25,8.050148623888675e-10,0.2210366352274421,7.646012200986874e-10,0.20994007549114277,2.0251479770684998e-10,0.05560541992486232,8.79077093229347e-10,0.24137224276372862,9.907894789918798e-10,0.27204562659282416,0.23037205640622332,3.7755325969092137,0.4309767107185849,0.5134178693565528
20260528-104617_bench_real_rest_60s,bench_real_rest_60s,0,24.32,28.32,205.14924323526031,1980.0,0.0898562719911974,0.880865672406885,0.6435634459559246,high_rms;artifact_rms_range,0.0,0.5,6.0,10.75,17.75,49.25,9.684012662609757e-10,0.2480390900509114,7.449458933860568e-10,0.1908048945929872,2.452331016051008e-10,0.06281218074749961,7.97432811265923e-10,0.20424850294427002,1.148215353986032e-09,0.29409533166433177,0.30752823076817437,3.0377053036895654,0.4388439846438986,0.49834383460860177
20260528-104617_bench_real_rest_60s,bench_real_rest_60s,0,24.576,28.576,205.23505792139898,1980.0,0.0995625290678998,0.8615224383489447,0.6434561775982512,high_rms;artifact_rms_range,0.0,0.5,6.0,10.5,24.25,49.25,1.0285495170678468e-09,0.24293817966147785,9.033071996532499e-10,0.213356579452258,2.7377239306582647e-10,0.06466365081049497,6.300628383055368e-10,0.14881764705567826,1.3980992102222969e-09,0.3302239430200909,0.43451601399329925,3.299482426031381,0.45629475911373585,0.4790415900757692
20260528-104617_bench_real_rest_60s,bench_real_rest_60s,0,24.832,28.832,192.01331464250077,1774.0,0.1580381444551225,0.8340300865916139,0.909983356696874,high_rms,0.0,0.5,4.75,8.25,13.25,49.25,9.123380214298105e-10,0.2972402483137268,5.046776839046516e-10,0.16442427757983777,2.1201599576709954e-10,0.06907493247900669,4.765490502746315e-10,0.15525995268213183,9.637815796190002e-10,0.314000588945297,0.44489857999909216,2.380375509303751,0.46166452589356455,0.4692605416274288
20260528-104617_bench_real_rest_60s,bench_real_rest_60s,0,25.088,29.088,163.55201313343716,1699.0,0.17209863550917914,0.8047398106731951,0.9455599835832036,high_rms,0.0,0.5,4.0,9.0,14.75,49.25,7.147243191151879e-10,0.35245392683312854,3.5905257022019743e-10,0.17706056017556748,9.691424537573858e-11,0.0477915826217233,2.632372268918827e-10,0.1298108820776737,5.939234076683244e-10,0.2928830482919071,0.36816314516010074,3.704848227710416,0.5295144870086961,0.4226939303695808
20260528-104617_bench_real_rest_60s,bench_real_rest_60s,0,25.344,29.344,129.99297288699879,1699.0,0.20448513094362317,0.8154458806497714,0.9875087838912515,high_rms,0.0,0.5,6.75,8.25,27.25,49.25,3.2551252859144175e-10,0.2508312937010196,2.1911774321759372e-10,0.16884630291173952,1.321972661730326e-10,0.10186769597289046,1.2183065004003622e-10,0.09387945740280149,4.990767308889272e-10,0.384575250011549,1.0850903785672135,1.6575058589395577,0.4196775966127591,0.4784547074143505
20260528-104617_bench_real_rest_60s,bench_real_rest_60s,0,25.6,29.6,105.86998158118287,1699.0,0.21221149732955003,0.7759809484483339,1.0,,0.0,0.5,4.5,8.0,16.75,49.0,4.18843993006725e-10,0.28232162462775007,2.832405952406318e-10,0.190918209032503,9.364666303148492e-11,0.06312249546238995,1.0659684532687617e-10,0.07185156061768676,5.812422588673493e-10,0.3917861102596703,0.8785125183050222,3.024566878004009,0.4732398336602531,0.4636376708773571
20260528-104617_bench_real_rest_60s,bench_real_rest_60s,0,25.856,29.856,103.78225763587916,1699.0,0.19084801792741163,0.7769015269161722,1.0,,0.0,0.5,4.0,8.0,13.25,48.5,3.958707186234736e-10,0.34635258927681917,1.721338757646726e-10,0.15060223140690124,3.4397049251158085e-11,0.03009443869212319,1.0110462317528498e-10,0.0884577878009809,4.3946402092036837e-10,0.38449295282317547,0.340212427195579,5.004320995902785,0.49695482068372043,0.4729507406241564
20260528-104617_bench_real_rest_60s,bench_real_rest_60s,0,26.112,30.112,103.17083405691746,1699.0,0.1761021343719372,0.7685728406135338,1.0,,0.0,0.5,4.0,8.25,17.5,49.25,4.5648446514788066e-10,0.4330021794024657,1.3508426892781476e-10,0.1281353196319262,4.3879625240399706e-11,0.04162238764094933,9.078661770908997e-11,0.08611640993276626,3.279963568166447e-10,0.31112370339189255,0.4833270183167786,3.078519203109408,0.5611374990343919,0.3972401133246588
20260528-104617_bench_real_rest_60s,bench_real_rest_60s,0,26.368,30.368,102.90912495984017,1699.0,0.17847329575257692,0.7684928828536568,1.0,,0.0,0.5,4.0,8.25,18.0,49.25,4.5270830369459456e-10,0.4305480713949466,1.4418927456675647e-10,0.13713115835055242,5.4481850692915277e-11,0.05181494474571571,7.918504480626767e-11,0.07530890873090927,3.2090534754850193e-10,0.3051969167778759,0.6880320750743948,2.646556105068336,0.567679229745499,0.3805058255087852
20260528-104617_bench_real_rest_60s,bench_real_rest_60s,0,26.624,30.624,102.79705735087946,1699.0,0.21216278012427736,0.7938634491181346,1.0,,0.0,0.5,4.5,9.0,18.0,49.5,3.675209007195913e-10,0.3662868455605829,1.427315641462534e-10,0.1422523026328452,5.888623210510847e-11,0.058688504959845185,8.872398989287859e-11,0.08842607405396782,3.455064080790121e-10,0.34434627279275887,0.6637013526578899,2.4238528947052673,0.508539148193428,0.4327723468467267
20260528-104617_bench_real_rest_60s,bench_real_rest_60s,0,26.88,30.88,86.69945789911262,1072.0,0.22580421175879656,0.8270028250254939,1.0,,0.0,0.75,4.5,8.5,16.5,49.5,2.830368284459441e-10,0.3087004278368224,1.4514622083693537e-10,0.15830696209139186,6.713271929362476e-11,0.07321979716059893,9.446367824577606e-11,0.10302891694209441,3.2708623564303866e-10,0.3567438959690924,0.7106722979700041,2.1620786758554433,0.4670073899282142,0.4597728129111868
20260528-104617_bench_real_rest_60s,bench_real_rest_60s,0,27.136,31.136,119.09805623938621,1303.0,0.17070241240594894,0.8530678865107753,1.0,,0.0,0.75,4.25,8.5,13.5,50.0,3.1132223467841166e-10,0.31062451105037236,1.5778268653096448e-10,0.15742906993624264,1.2716140703758065e-10,0.12687641769733485,1.207630273896121e-10,0.12049237785604977,2.852168406654549e-10,0.2845776234600003,1.0529829351439306,1.2408063909227915,0.468053580986615,0.4050700013160501
20260528-104617_bench_real_rest_60s,bench_real_rest_60s,0,27.392,31.392,143.6643031514788,1303.0,0.1183346352401047,0.880834969751559,0.9704196210606515,high_rms,0.0,0.75,5.0,11.25,13.5,50.0,3.1116088982384535e-10,0.273300191622914,1.8642993897442057e-10,0.1637459581594651,2.1142015565525427e-10,0.18569547440951986,1.7267068724843142e-10,0.15166087209537268,2.568498747858372e-10,0.22559750371272827,1.2244125451998216,0.8817983242733809,0.4370461497823791,0.37725837580810095
20260528-104617_bench_real_rest_60s,bench_real_rest_60s,0,27.648,31.648,157.99519929415578,1303.0,0.08103574142371517,0.8976751623681005,0.9525060008823053,high_rms,0.0,0.75,5.5,8.75,24.25,48.5,3.697751200189263e-10,0.19980298768007312,3.9681966281119763e-10,0.2144161408042228,1.280802625242544e-10,0.06920643853454583,4.714380341333049e-10,0.25473516909691873,4.84585572781794e-10,0.26183926388423945,0.27167995208472745,3.0982108795728958,0.41421912848429593,0.5165744329811581
20260528-104617_bench_real_rest_60s,bench_real_rest_60s,0,27.904,31.904,158.29602332339243,1303.0,0.08393228392105687,0.9217735426134378,0.9521299708457595,high_rms,0.0,0.5,5.5,11.25,24.5,48.5,3.231360060987142e-10,0.18155788994293046,2.809470803895504e-10,0.15785352959264848,2.1366217078133957e-10,0.12004868586460016,4.842020407959992e-10,0.27205479789871106,4.778487008870521e-10,0.26848509670110987,0.4412665639122291,1.3149125994655821,0.33941141953557896,0.540539894599821
20260528-104617_bench_real_rest_60s,bench_real_rest_60s,0,28.16,32.16,158.39219677749279,1303.0,0.08845116162241187,0.9076163039272193,0.952009754028134,high_rms,0.0,0.5,5.5,8.0,24.25,49.0,3.191901643920033e-10,0.1897083748093375,3.285186649459454e-10,0.19525270191248398,1.4615908063415755e-10,0.08686859666728379,4.5272867340080194e-10,0.26907602564775396,4.359341151942941e-10,0.25909430096314073,0.3228403439442911,2.24767878615932,0.38496107672182145,0.5281703266108947
20260528-104617_bench_real_rest_60s,bench_real_rest_60s,0,28.416,32.416,158.10833627611163,1303.0,0.08776279509145996,0.9093325583439219,0.9523645796548604,high_rms,0.0,0.5,5.5,8.0,24.25,48.75,3.25750186073339e-10,0.18757797743107765,3.4367098278191804e-10,0.19789737844530134,1.5549270586199634e-10,0.08953796043054943,4.618455564529308e-10,0.26594629586939705,4.4985267295078274e-10,0.25904038782367456,0.3366768472478384,2.2102064587321197,0.385475355876379,0.5249866836930717
20260528-104617_bench_real_rest_60s,bench_real_rest_60s,0,28.672,32.672,157.8863673659002,1303.0,0.08965655959372598,0.9175084772487646,0.9526420407926247,high_rms,0.0,0.5,5.75,11.0,24.5,48.5,3.522159095936471e-10,0.20054799603192755,2.7008270267454127e-10,0.15378222081664633,2.009554423626558e-10,0.1144218933893015,4.837163522668379e-10,0.27542295067507655,4.4929700321183475e-10,0.255824939087048,0.4154406635643372,1.343992974259112,0.3543302168485739,0.5312478897621246
20260528-104617_bench_real_rest_60s,bench_real_rest_60s,0,28.928,32.928,156.27677690559145,1303.0,0.0971231580293804,0.906774587394622,0.9546540288680107,high_rms,0.0,0.75,5.5,8.0,24.5,49.0,3.568300391052453e-10,0.1997033017333353,3.397769014045281e-10,0.1901593521480203,1.5723742771175856e-10,0.0879994115653287,5.100685750114064e-10,0.285464695729138,4.2288795594158813e-10,0.23667323882417765,0.30826723192708416,2.160916178477517,0.3898626538813556,0.5221379345533157
20260528-104617_bench_real_rest_60s,bench_real_rest_60s,0,29.184,33.184,156.17038771803058,1303.0,0.09899904107593765,0.8923049243386021,0.9547870153524618,high_rms,1.0,1.0,7.5,8.0,24.5,49.0,3.780705641381418e-10,0.2278285825604347,3.368402430411284e-10,0.20298283548288143,2.042468134516656e-10,0.12308089128085592,4.0438798901315774e-10,0.24368768976065777,3.359062461732219e-10,0.2024200009151702,0.5050763598347624,1.6491823659263143,0.43081141804331613,0.446107690675828
20260528-104617_bench_real_rest_60s,bench_real_rest_60s,0,29.44,33.44,150.79787796915446,1303.0,0.11117183836194548,0.8660121183086607,0.9615026525385569,high_rms,0.25,0.5,7.5,11.5,24.5,49.0,4.0045359193403664e-10,0.2730857509198457,1.7122381484866386e-10,0.11676455148643088,3.1342432828888637e-10,0.2137369217590077,2.5948480578046054e-10,0.17695334607092206,3.218158275804787e-10,0.2194594297637937,1.2078716029101983,0.546300332789882,0.3898503024062766,0.3964127758347158
20260528-104617_bench_real_rest_60s,bench_real_rest_60s,0,29.696,33.696,150.13315756354424,1303.0,0.11636118168104799,0.9092610716770613,0.9623335530455697,high_rms,0.25,0.5,5.75,8.25,24.5,49.0,2.9866614575888807e-10,0.18270027610271788,2.7186831113641917e-10,0.16630748484062238,1.4924683213487553e-10,0.09129738279915607,5.093328214074241e-10,0.31156945111025675,4.0561875439381654e-10,0.24812540514724687,0.2930241795972744,1.8216018876081044,0.3490077609433403,0.5596948562575036
20260528-104617_bench_real_rest_60s,bench_real_rest_60s,0,29.952,33.952,150.35556524452295,1303.0,0.12321753188087221,0.8553457230092566,0.9620555434443463,high_rms,0.25,0.5,6.25,8.75,24.5,49.0,6.166692846260631e-10,0.23389078428592291,4.5170234424531743e-10,0.17132200061397715,1.8801787049521012e-10,0.07131155756615931,5.936103826962052e-10,0.22514498683564607,7.865695172351584e-10,0.2983306706982946,0.3167361555254887,2.402443677590875,0.4052127848999001,0.5234756575339407
20260528-104617_bench_real_rest_60s,bench_real_rest_60s,0,30.208,34.208,166.60570818552407,1705.0,0.12795859437599383,0.8550842658219897,0.9417428647680949,high_rms,0.25,0.5,7.5,12.75,13.0,49.0,9.193519990823981e-10,0.24200850242348465,5.519824499895947e-10,0.14530282875259748,3.516198055605144e-10,0.09255974061194185,4.6079114245548976e-10,0.1212977993488487,1.5150963372972145e-09,0.3988311288631274,0.763078482122688,1.5698275275184905,0.38731133117608213,0.5201289282119761
20260528-104617_bench_real_rest_60s,bench_real_rest_60s,0,30.464,34.464,167.0442336628236,1705.0,0.14788708760847438,0.8212869078178561,0.9411947079214705,high_rms,0.25,0.5,7.0,13.0,13.0,49.0,1.01780993081052e-09,0.24963290742662209,6.877062970249634e-10,0.16867011922867292,3.3611578696854977e-10,0.0824373574996749,3.3415624497473825e-10,0.08195675090473807,1.7014383418851075e-09,0.417302864940292,1.0058641489521158,2.046039857953211,0.418303026655295,0.4992596158450301
20260528-104617_bench_real_rest_60s,bench_real_rest_60s,0,30.72,34.72,167.03912116627052,1705.0,0.1791900414653432,0.8082419714131815,0.9412010985421618,high_rms,0.25,0.5,7.25,12.75,13.0,49.0,1.114090633676194e-09,0.2711474734262162,5.025745045061987e-10,0.12231662576286871,3.9103617123185585e-10,0.09517041669932548,3.41053520482175e-10,0.0830056348976862,1.7600447823535382e-09,0.4283598492139033,1.1465536865856607,1.2852378922465686,0.3934640991890849,0.5113654841115896
20260528-104617_bench_real_rest_60s,bench_real_rest_60s,0,30.976,34.976,164.74510311387104,1705.0,0.22900529471477404,0.772497896427458,0.9440686211076612,high_rms,0.5,0.5,7.5,8.0,13.0,49.25,1.3504794155270001e-09,0.32334493572154277,4.177320882953784e-10,0.10001748540979111,3.0435328833160665e-10,0.07287122878049969,3.065988827981003e-10,0.07340889088040048,1.7974269140219198e-09,0.430357459207766,0.9926757904464629,1.3725236569162362,0.4233624211313339,0.5037663500881665
20260528-104617_bench_real_rest_60s,bench_real_rest_60s,0,31.232,35.232,144.05142484543498,1705.0,0.27100252573366895,0.7387313291628844,0.9384319303427029,high_rms;high_50hz_ratio,0.25,0.5,7.5,8.25,13.25,49.0,1.338615450878724e-09,0.370898651733675,3.0058421415873655e-10,0.08328476986480118,2.0443834963424453e-10,0.05664502691360958,2.7371929376935814e-10,0.07584113641143557,1.491756514490602e-09,0.4133304150764787,0.7468905345288109,1.470292705338818,0.45418342159847613,0.4891715514879143
20260528-104617_bench_real_rest_60s,bench_real_rest_60s,0,31.488,35.488,121.15084811919395,1705.0,0.2706926055613196,0.6994360670579687,0.9675225315090282,high_rms;high_50hz_ratio,0.0,0.75,4.0,8.25,18.5,49.0,1.1792192986551406e-09,0.4314419532142957,2.027738815364024e-10,0.07418905000171173,9.435906749860487e-11,0.03452323111698269,2.2568071003632972e-10,0.08256999054536186,1.0311720304991959e-09,0.37727577512164806,0.4181086965005343,2.148960210309417,0.5056310032160074,0.4598457656670099
20260528-104617_bench_real_rest_60s,bench_real_rest_60s,0,31.744,35.744,112.67787715430212,1705.0,0.2374158843895462,0.6826083319180706,1.0,,0.0,0.75,4.0,8.25,13.25,49.0,1.0335738273274699e-09,0.49004886320246266,1.556903360614373e-10,0.07381753502388534,1.0259512086160026e-10,0.04864347472724577,1.5055976322918933e-10,0.0713849740228762,6.667049704255359e-10,0.31610515302352993,0.681424562985165,1.5175218348976063,0.563866398226348,0.3874901270464061
20260528-104617_bench_real_rest_60s,bench_real_rest_60s,0,32.0,36.0,112.43002712798747,1705.0,0.23272308735078895,0.6936543285300305,1.0,,0.0,0.5,4.0,8.25,13.25,49.25,1.002847211020144e-09,0.4624421886473712,1.6168869814338297e-10,0.07455938913457101,1.0953787986925872e-10,0.05051112108593712,1.700197465842854e-10,0.0784010793067151,7.24495826770994e-10,0.33408622182540565,0.6442656342565275,1.476098481514979,0.5370015777819422,0.41248730113212073
20260528-104617_bench_real_rest_60s,bench_real_rest_60s,0,32.256,36.256,113.2793802949151,1705.0,0.24865806798783235,0.6802060517026787,1.0,,0.0,0.75,4.0,8.25,18.5,49.0,1.0233535554964825e-09,0.4677252612684346,1.53986085627587e-10,0.07037956896228738,7.540892510917924e-11,0.034465761133307474,1.9024508129769828e-10,0.0869517967442156,7.449436743088594e-10,0.340477611891755,0.3963777911880847,2.042014064046682,0.538104830230722,0.4274294086359706
20260528-104617_bench_real_rest_60s,bench_real_rest_60s,0,32.512,36.512,114.95135057927767,1705.0,0.2588658098041195,0.6727597176553481,0.9867012852938207,high_50hz_ratio,0.0,0.75,4.0,8.25,18.5,49.0,1.1295810715859784e-09,0.4839545394169602,1.8224862971821791e-10,0.07808209067350586,6.901478260698726e-11,0.029568499481521196,1.7527609497014955e-10,0.07509479748362229,7.77943841605002e-10,0.3333000729443905,0.3937489742610985,2.6407187392888565,0.562036630090466,0.4083948704280128
20260528-104617_bench_real_rest_60s,bench_real_rest_60s,0,32.768,36.768,116.1069463899555,1705.0,0.2704517703795609,0.6520064349866905,0.9693223444306587,high_50hz_ratio,0.75,0.75,5.0,8.25,13.5,49.75,1.1721029321457323e-09,0.5184004735546796,1.8495632425161335e-10,0.08180292314723762,6.410344069781066e-11,0.02835182226990418,1.5391108018874146e-10,0.06807215873873056,6.859251838254656e-10,0.30337262228944817,0.41649659413214757,2.8852792024614398,0.6002033967019171,0.37144478102817874
20260528-104617_bench_real_rest_60s,bench_real_rest_60s,0,33.024,37.024,117.20007252557483,1705.0,0.24815401807157117,0.6776214649634695,1.0,,0.5,0.5,5.0,8.0,18.25,49.5,1.0475133267371463e-09,0.5203315370226658,1.8385645138409263e-10,0.09132705761195876,5.3710303602613634e-11,0.026679531528781008,1.64081301530291e-10,0.08150414285216961,5.640037858820803e-10,0.2801577309844248,0.32733957557435756,3.4231132399546866,0.6116585946346246,0.3616618738365944
20260528-104617_bench_real_rest_60s,bench_real_rest_60s,0,33.28,37.28,117.82503978357062,1705.0,0.24737675080313293,0.7141164393558767,1.0,,0.75,0.75,5.0,12.0,13.0,49.5,8.632576362993157e-10,0.4683273601729122,1.6619391961935385e-10,0.09016214439270155,5.870275311522331e-11,0.03184692986811001,1.5352937996621137e-10,0.0832914835677507,6.015945597457954e-10,0.32637208199852563,0.38235517611119485,2.831109459093751,0.5584895045656137,0.4096635655662763
20260528-104617_bench_real_rest_60s,bench_real_rest_60s,0,33.536,37.536,118.350200675791,1705.0,0.27323122537171246,0.7189281562232848,0.9651531619424313,high_50hz_ratio,0.25,0.5,5.0,8.0,13.0,49.0,8.393720882531521e-10,0.42290477321931585,1.8397460798831748e-10,0.09269278900056367,6.001993902215177e-11,0.030240127180813415,1.434031727347938e-10,0.0722514926253394,7.580081879166575e-10,0.38191081797396753,0.4185398264036398,3.065224840038863,0.5155975622198795,0.45416231059930695
20260528-104617_bench_real_rest_60s,bench_real_rest_60s,0,33.792,37.792,118.50719809361793,1705.0,0.31221204686464127,0.7295800118264631,0.9066819297030381,high_50hz_ratio,0.25,0.75,5.0,8.0,13.0,49.25,8.435575465733497e-10,0.36577701829470677,2.2606336959566273e-10,0.09802388184688686,6.839069218872774e-11,0.029655052663000198,1.6323649597353678e-10,0.07078136994520313,1.0049589682347062e-09,0.4357626772502031,0.41896692146476217,3.3054698287279924,0.46380090014159364,0.5065440471954062
20260528-104617_bench_real_rest_60s,bench_real_rest_60s,0,34.048,38.048,118.0473125488251,1705.0,0.28814702060963904,0.777180176720496,0.9427794690855414,high_50hz_ratio,0.25,0.5,5.0,12.0,13.0,49.25,6.782219168775201e-10,0.3620324784544088,1.5338337304639007e-10,0.08187550610770053,7.507922866498909e-11,0.04007702870938027,1.5575789207574326e-10,0.08314301603025163,8.109307181026692e-10,0.43287197069825883,0.4820251973394641,2.042953500905048,0.44390798456210934,0.5160149867285104
20260528-104617_bench_real_rest_60s,bench_real_rest_60s,0,34.304,38.304,93.54217230746782,1480.0,0.2555824446013173,0.7941619372094634,0.9916263330980241,high_50hz_ratio,0.0,0.5,4.25,12.5,13.0,49.5,4.543567233481683e-10,0.34526744885167465,1.1914860777340552e-10,0.09054149245774197,7.847388047400408e-11,0.059632608301888046,1.0633100975925583e-10,0.08080134965950159,5.576456408595563e-10,0.42375710072919376,0.738015002882761,1.5183218550390878,0.4358089413094166,0.5045584503886953
20260528-104617_bench_real_rest_60s,bench_real_rest_60s,0,34.56,38.56,93.6235600690339,1480.0,0.33101226011692425,0.7812947721625455,0.8784816098246137,high_50hz_ratio,0.0,0.5,4.75,12.5,25.0,49.5,4.058396887804166e-10,0.34377639494017426,8.63303746979921e-11,0.07312824696050835,3.785672027728395e-11,0.03206745712892745,1.1195170084682077e-10,0.09483141542956461,5.385554169501018e-10,0.45619648554082537,0.3381522566511236,2.2804504475205403,0.4169046419006826,0.55102790097039
20260528-104617_bench_real_rest_60s,bench_real_rest_60s,0,34.816,38.816,97.56253891735291,1743.0,0.43035890400813176,0.7105527125780543,0.7294616439878023,high_50hz_ratio,0.0,0.5,5.0,8.0,28.75,49.5,3.070851256875218e-10,0.33348147336656364,4.944466102563611e-11,0.053694813032780675,3.0310618646898935e-11,0.03291605134696574,7.323622330849326e-11,0.07953144457270407,4.6076950586310674e-10,0.500376217680986,0.41387468219410206,1.6312653199737566,0.3871762863993443,0.5799076622536901
20260528-104617_bench_real_rest_60s,bench_real_rest_60s,0,35.072,39.072,118.60961596767777,1796.0,0.3586370345512918,0.7453162921818439,0.8370444481730623,high_50hz_ratio,0.0,0.5,5.0,8.25,29.5,49.5,3.7559662153768643e-10,0.3471593293543485,7.731719329299425e-11,0.07146332909297273,6.171689253849513e-11,0.057044163325490865,1.103248988965664e-10,0.10197194467622585,4.569586324678847e-10,0.42236123355096206,0.5594103702406921,1.2527719739740402,0.41862265844732127,0.524333178227188
20260528-104617_bench_real_rest_60s,bench_real_rest_60s,0,35.328,39.328,117.96374443022738,1796.0,0.34285948617120854,0.7238690430182817,0.8607107707431872,high_50hz_ratio,0.25,0.5,5.0,8.75,18.0,49.75,4.2748531807210853e-10,0.38278431384352196,7.300859356055005e-11,0.0653742788566172,6.32479331408576e-11,0.0566342647708437,9.494742155311018e-11,0.08501902187969017,4.5808930220912583e-10,0.410188120649327,0.666136395346755,1.154323784746527,0.44815859270013914,0.4952071425290172
20260528-104617_bench_real_rest_60s,bench_real_rest_60s,0,35.584,39.584,117.37938490211984,1796.0,0.3440123520450546,0.7381001137141457,0.8589814719324181,high_50hz_ratio,0.75,0.75,7.75,8.0,18.0,49.75,4.0401184489346294e-10,0.3688058833148796,6.475106466615643e-11,0.05910859768499602,5.99741590528395e-11,0.05474795599466209,8.61413645763672e-11,0.0786349273024748,4.805808942550508e-10,0.4387026357029875,0.6962294984272092,1.0796493971530021,0.4279144809998756,0.5173375630054623
20260528-104617_bench_real_rest_60s,bench_real_rest_60s,0,35.84,39.84,117.38647707466137,1796.0,0.3613610938559706,0.756327699370058,0.8329583592160441,high_50hz_ratio,0.25,0.5,7.75,10.75,17.5,49.5,3.071883485419117e-10,0.3358745030607362,4.057752788684657e-11,0.04436677718773656,4.996637839078132e-11,0.0546323862588123,5.943579150916249e-11,0.06498608111901678,4.5742459390622177e-10,0.5001402523736982,0.8406782701476871,0.8120966376529108,0.38024128024847276,0.565126333492715
20260528-104617_bench_real_rest_60s,bench_real_rest_60s,0,36.096,40.096,117.21097218264167,1796.0,0.39127074018857116,0.7620372035082112,0.7880938897171432,high_50hz_ratio,0.25,0.5,4.0,8.25,26.75,49.5,2.473798739498443e-10,0.3279397231330035,2.5581510100288272e-11,0.03391219021040313,2.995509088809402e-11,0.0397100380698601,6.167595710095808e-11,0.081760880433434,3.897531275242528e-10,0.5166771681532992,0.48568505939940565,0.8539954091895586,0.36185191334340666,0.5984380485867332
20260528-104617_bench_real_rest_60s,bench_real_rest_60s,0,36.352,40.352,115.82681900147305,1796.0,0.3811083623567739,0.7713654429757073,0.8033374564648391,high_50hz_ratio,0.25,0.5,4.0,8.25,17.5,49.5,2.5811851096350263e-10,0.3363400232954256,2.8968061766722227e-11,0.03774668671794847,3.786006390056326e-11,0.04933336523114488,6.315691692206559e-11,0.08229630191783649,3.793296779563896e-10,0.4942836228376446,0.5994602926435095,0.7651350468611137,0.37408671001337407,0.576579924755481
20260528-104617_bench_real_rest_60s,bench_real_rest_60s,0,36.608,40.608,114.23178629435854,1796.0,0.41690391759239787,0.7372081258284966,0.7496441236114033,high_50hz_ratio,0.25,0.5,4.0,10.75,26.25,49.5,2.965283388100598e-10,0.3956099960438688,2.5570005408973276e-11,0.0341139392588215,3.55412282918599e-11,0.04741693573154003,6.000455535824505e-11,0.0800544123477351,3.319030063675259e-10,0.4428047166180346,0.5923088352153965,0.7194463061038789,0.4297239353026903,0.5228591289657697
20260528-104617_bench_real_rest_60s,bench_real_rest_60s,0,36.864,40.864,116.2160789219805,1796.0,0.4087970004703114,0.7535905115869871,0.7618044992945329,high_50hz_ratio,0.25,0.5,4.0,9.25,20.75,49.5,3.3465741624386863e-10,0.3948225995455731,3.7052167631603096e-11,0.043713458698454576,5.2502419673753343e-11,0.06194137889034072,7.241157971547538e-11,0.08542983586424338,3.5099105842259796e-10,0.4140927270013882,0.7250555764706351,0.7057230478488968,0.43853605824402764,0.49952256286563157
20260528-104617_bench_real_rest_60s,bench_real_rest_60s,0,37.12,41.12,115.30213354487418,1796.0,0.3275815983354026,0.7423479989202783,0.8836276024968961,high_50hz_ratio,0.0,0.5,4.0,9.0,25.75,49.5,4.010338893490073e-10,0.4626418909275422,4.9820092908022826e-11,0.057473601611495756,4.2692850237499006e-11,0.04925145103079753,7.189842487633536e-11,0.0829436716520276,3.013891067741156e-10,0.3476893847781369,0.5937939573910044,1.1669423013660412,0.520115492539038,0.4306330564301645
20260528-104617_bench_real_rest_60s,bench_real_rest_60s,0,37.376,41.376,114.62232766786758,1796.0,0.2662160008272431,0.7406048605186529,0.9756759987591354,high_50hz_ratio,0.25,0.5,4.0,10.0,25.75,49.5,4.1380143516806505e-10,0.5111452637665486,5.86578581160033e-11,0.07245669978526742,4.6161085806859846e-11,0.05702015115272513,6.799361260553319e-11,0.08398862376004142,2.2294341693299114e-10,0.2753892615354175,0.6789032680858517,1.2707209349760649,0.5836019635518159,0.3593778852954589
20260528-104617_bench_real_rest_60s,bench_real_rest_60s,0,37.632,41.632,114.40001748251615,1796.0,0.25491958114059193,0.7428652830294578,0.9926206282891121,high_50hz_ratio,0.25,0.5,4.0,8.25,19.25,49.5,4.094648936837274e-10,0.5090296060094327,5.924031910916586e-11,0.0736450835252892,4.43405226531645e-11,0.055122280626642234,6.696835043278402e-11,0.0832522483899,2.2438881888292898e-10,0.2789507814487358,0.6621116149138089,1.336031141819164,0.5826746895347219,0.36220302983863584
20260528-104617_bench_real_rest_60s,bench_real_rest_60s,0,37.888,41.888,114.19596752950605,1796.0,0.25995093498788496,0.745751838978356,0.9850735975181726,high_50hz_ratio,0.25,0.5,4.0,8.0,25.75,49.5,4.088813024631872e-10,0.4909402796142296,6.058090175438388e-11,0.07273897012998563,4.061255716033609e-11,0.04876314971614382,6.784888839583921e-11,0.08146557947233828,2.549297937947411e-10,0.30609202106730277,0.5985736556713672,1.4916790763805858,0.5636792497442152,0.38755760053964106
20260528-104617_bench_real_rest_60s,bench_real_rest_60s,0,38.144,42.144,113.86812547855524,1796.0,0.24400201053383463,0.7551258960751418,1.0,,0.25,0.5,4.0,8.0,19.25,49.5,4.1478126607900333e-10,0.47919233704512165,7.044827052305611e-11,0.08138812948774857,4.852917985955461e-11,0.05606523971445152,6.897744237958266e-11,0.07968889754768178,2.628479375921875e-10,0.3036653962049965,0.7035514537129207,1.4516682690071465,0.5605804665328702,0.38335429375267827
20260528-104617_bench_real_rest_60s,bench_real_rest_60s,0,38.4,42.4,113.71412401280678,1796.0,0.24800535504376003,0.7478947347734033,1.0,,0.5,0.5,4.0,8.0,25.75,49.5,4.1536874979720266e-10,0.4758874265394313,7.396833132887745e-11,0.08474541924182218,4.3630385110653635e-11,0.04998727443836486,6.742958461278726e-11,0.0772539857889383,2.724327963639058e-10,0.3121258939914434,0.6470510735191394,1.6953398678760667,0.5606328457812535,0.3893798797803817
20260528-104617_bench_real_rest_60s,bench_real_rest_60s,0,38.656,42.656,113.63173412387933,1796.0,0.27959686562296127,0.7571800894157917,0.9556047015655581,high_50hz_ratio,0.5,0.5,4.0,8.0,25.75,49.5,3.9875910132116393e-10,0.45434269564197677,7.534803296865847e-11,0.08585090170199931,3.756174865789695e-11,0.04279753385367944,7.443626517678159e-11,0.08481204130987692,2.91556372894838e-10,0.33219682749246754,0.5046162454374905,2.0059777742221105,0.5401935973439761,0.41700886880234445
20260528-104617_bench_real_rest_60s,bench_real_rest_60s,0,38.912,42.912,93.9391398725792,1288.0,0.29548187831424766,0.8094151440891268,0.9317771825286285,high_50hz_ratio,49.5,1.0,4.0,8.25,19.25,49.5,3.1533843084122733e-10,0.3795800863303388,8.970355803192829e-11,0.10797822584156222,4.7912908367025244e-11,0.05767386438048868,8.686148185950732e-11,0.10455715370643727,2.909396120531154e-10,0.3502106697411731,0.5516013236398752,1.8722211005179623,0.48755831217190104,0.45476782344761035
20260528-104617_bench_real_rest_60s,bench_real_rest_60s,0,39.168,43.168,115.16509453823237,1288.0,0.23719591303413973,0.8287098565036424,1.0,,1.0,1.0,4.0,8.5,19.75,50.0,3.028337210519202e-10,0.3779381806272514,1.205103648086961e-10,0.1503976104917202,6.19534371967423e-11,0.0773182367419614,9.370521823036467e-11,0.11694463737475186,2.2227571263645343e-10,0.27740133476431517,0.6611524775966706,1.9451764141188426,0.5283357911189716,0.394345972139067
20260528-104617_bench_real_rest_60s,bench_real_rest_60s,0,39.424,43.424,140.7684268577297,1288.0,0.1538830580520618,0.8855066223012038,0.9740394664278379,high_rms,1.0,1.0,6.5,9.0,15.0,50.0,3.095994445778647e-10,0.27522269359874235,2.1469882439839444e-10,0.1908594792344606,8.151786035396249e-11,0.07246642555710757,2.2556046645985314e-10,0.20051508565564144,2.9352862379636514e-10,0.2609363159540481,0.3614013644916434,2.6337642262216,0.46608217283320297,0.46145140160968956
20260528-104617_bench_real_rest_60s,bench_real_rest_60s,0,39.68,43.68,163.23417840636193,1288.0,0.09696418014177052,0.906895064179883,0.9459572769920476,high_rms,1.0,1.0,7.0,9.75,15.25,49.5,2.9501204892518527e-10,0.17969254031416557,3.610359553548897e-10,0.2199078586750338,2.2637359176484105e-10,0.13788469288785546,3.773972854837851e-10,0.22987358375131872,3.819412516933055e-10,0.23264132437162646,0.5998283519041558,1.5948678136005243,0.39960039898919936,0.46251490812294516
20260528-104617_bench_real_rest_60s,bench_real_rest_60s,0,39.936,43.936,183.45012128641397,1288.0,0.06413580239238066,0.9065725468456305,0.9206873483919825,high_rms,6.0,0.5,6.0,10.5,15.5,31.25,3.216328985462312e-10,0.1286981158667958,6.785773101904422e-10,0.27152577266257233,3.3938013655269675e-10,0.13579949170115685,5.690949461883363e-10,0.2277175240928495,5.904414158559531e-10,0.23625909567662548,0.5963506420603185,1.999460890914802,0.40022388852936813,0.463976619769475
20260528-104617_bench_real_rest_60s,bench_real_rest_60s,0,40.192,44.192,201.6290901631012,1300.0,0.035115454596040936,0.8851088384838546,0.6479636372961235,high_rms;artifact_rms_range,0.0,0.5,6.25,11.75,15.0,31.75,7.718473773896257e-10,0.17848455771166732,1.0723709571255588e-09,0.24797863099918765,4.181004417976562e-10,0.09668293838826794,8.550771469664203e-10,0.1977308867742837,1.2070531343053491e-09,0.2791229861265934,0.48896224543125977,2.5648644438518513,0.426463188710855,0.4768538729008771
20260528-104617_bench_real_rest_60s,bench_real_rest_60s,0,40.448,44.448,218.23133597171602,1300.0,0.04257940772738024,0.8707233326826989,0.6272108300353549,high_rms;artifact_rms_range,0.0,0.5,6.25,12.0,13.75,31.75,1.0564883013198475e-09,0.1854802668600023,1.015247180690072e-09,0.17823985156107275,7.003870788798718e-10,0.12296206416450134,1.0644334344293036e-09,0.18687513834844105,1.859404654323861e-09,0.32644267906598257,0.6579904916791577,1.4495515569958193,0.36372011842107504,0.5133178174144236
20260528-104617_bench_real_rest_60s,bench_real_rest_60s,0,40.704,44.704,233.30091298578324,1300.0,0.04126391397662423,0.886709884415946,0.608373858767771,high_rms;artifact_rms_range,0.0,0.5,6.25,9.75,24.75,31.5,2.1286563620461908e-09,0.17421366712836273,1.8250843038112305e-09,0.14936869804562183,1.3679175972080808e-09,0.11195322325768012,2.4959874469235604e-09,0.20427680765575695,4.401007379253192e-09,0.3601876039125784,0.5480466654165722,1.3342063202755976,0.32358236517398453,0.5644644115683354
20260528-104617_bench_real_rest_60s,bench_real_rest_60s,0,40.96,44.96,237.61318566106553,1229.0,0.030403446168083968,0.8813416301048687,0.6029835179236681,high_rms;artifact_rms_range,56.25,0.5,6.25,11.75,25.25,37.75,1.4989183537291932e-09,0.0919538057103741,2.9988304368205423e-09,0.1839685735114912,7.373399551910461e-10,0.04523342770034753,5.611845479979392e-09,0.3442686172057484,5.45384138818231e-09,0.3345755758720388,0.13138992472646516,4.067093361356689,0.2759223792218653,0.6788441930777872
20260528-104617_bench_real_rest_60s,bench_real_rest_60s,0,41.216,45.216,237.59417501277255,1229.0,0.04589381576287298,0.8864342781927839,0.6030072812340344,high_rms;artifact_rms_range,56.0,0.75,6.25,12.25,25.25,37.5,1.6283473076742718e-09,0.09445221966857369,3.0774308638772246e-09,0.17850625268938303,7.0505690074206e-10,0.040896796987890525,5.735557993440674e-09,0.3326908092426859,6.093512077713219e-09,0.3534539214114669,0.12292734230015291,4.364797877502203,0.2729584723579567,0.6861447306541528
20260528-104617_bench_real_rest_60s,bench_real_rest_60s,0,41.472,45.472,237.87690724406184,1229.0,0.06066169455320086,0.8929472807799644,0.6026538659449228,high_rms;artifact_rms_range,56.0,0.75,6.25,12.5,25.25,37.5,1.430302048461483e-09,0.08199318084030438,2.958078448549639e-09,0.16957415493645575,8.350383841762905e-10,0.04786922686436042,6.157204512758629e-09,0.35296655250434794,6.063535178792328e-09,0.34759688485453155,0.13561972522529808,3.5424460774549726,0.25156733577676016,0.7005634373588795
20260528-104617_bench_real_rest_60s,bench_real_rest_60s,0,41.728,45.728,237.9516799688542,1229.0,0.06052101135114757,0.8889726638322244,0.6025604000389323,high_rms;artifact_rms_range,56.0,0.5,6.25,12.5,25.25,31.5,1.5545426830990518e-09,0.09114922572198464,3.2379874025176577e-09,0.18985650754127223,7.765706681267844e-10,0.04553352949888125,5.506220322247053e-09,0.3228523246637008,5.97959815986321e-09,0.3506084125741611,0.14103516072343994,4.169597868444109,0.28100573326325684,0.6734607372378618
20260528-104617_bench_real_rest_60s,bench_real_rest_60s,0,41.984,45.984,238.03360897150637,1229.0,0.05840728863382907,0.8930872104319413,0.6024579887856171,high_rms;artifact_rms_range,56.0,0.75,6.25,12.5,25.25,37.75,1.55520040263046e-09,0.08700233582754312,3.0711324146030274e-09,0.17180788614394146,8.36702165670024e-10,0.04680749997372094,6.521063446798191e-09,0.36480684482298376,5.891288338225926e-09,0.32957543323181077,0.1283076253583824,3.670520455918374,0.25881022197148457,0.6943822780547946
20260528-104617_bench_real_rest_60s,bench_real_rest_60s,0,42.24,46.24,238.0802784776597,1229.0,0.06772530738092254,0.8740238730340959,0.6023996519029253,high_rms;artifact_rms_range,56.0,0.75,6.25,8.25,24.75,37.75,1.4875398031219301e-09,0.07747616546925463,3.3409012957762784e-09,0.17400557690273358,6.818338731293237e-10,0.035512242338822476,7.111539838557312e-09,0.37039334081476044,6.578151967743133e-09,0.34261267447442895,0.09587710799742134,4.89987580177409,0.2514817423719882,0.7130060152891894
20260528-104617_bench_real_rest_60s,bench_real_rest_60s,0,42.496,46.496,238.13673173200308,1229.0,0.06583725683290235,0.876520718975944,0.6023290853349962,high_rms;artifact_rms_range,56.0,0.5,6.25,12.5,25.25,37.75,1.3230742899715966e-09,0.07022308332851615,3.3362834501250844e-09,0.1770755523718269,7.228662620362468e-10,0.0383666269831561,7.1311144015309785e-09,0.37848883062691957,6.327678356907804e-09,0.3358459066895813,0.10136792390836624,4.61535366269147,0.24729863570034305,0.7143347373165009
20260528-104617_bench_real_rest_60s,bench_real_rest_60s,0,42.752,46.752,238.0775146879688,1229.0,0.07347383475657035,0.8512384889055198,0.602403106640039,high_rms;artifact_rms_range,56.0,0.5,6.25,8.0,25.25,37.75,1.3017194679513462e-09,0.06571406845818265,3.402294530364135e-09,0.17175637392526555,7.113494447088788e-10,0.03591070676760952,8.020606089600283e-09,0.4049003419128472,6.372870469112574e-09,0.32171850893609516,0.08869023572061868,4.782873671542024,0.2374704423834482,0.7266188508489424
20260528-104617_bench_real_rest_60s,bench_real_rest_60s,0,43.008,47.008,232.7609632219286,1360.0,0.09515827083997021,0.8644711745683056,0.6090487959725892,high_rms;artifact_rms_range,56.0,0.5,6.25,13.0,25.25,49.5,1.304021766566991e-09,0.072143128155119,3.51661442256379e-09,0.19455163361809272,5.968078242530367e-10,0.033017534256666634,6.6804000841579364e-09,0.369583523645972,5.9776372395461055e-09,0.3307041803241497,0.08933713800589899,5.892373188915839,0.2666947617732117,0.7002877039701217
20260528-104617_bench_real_rest_60s,bench_real_rest_60s,0,43.264,47.264,218.06263549723508,1360.0,0.10366584100955857,0.8433882141555851,0.6274217056284561,high_rms;artifact_rms_range,0.0,0.5,6.25,11.5,24.5,31.5,1.4019826481546136e-09,0.1617923613054267,1.7629679638265174e-09,0.2034509843247761,6.956059054828085e-10,0.08027468965767934,1.5290212536704714e-09,0.1764529393021756,3.2757426237388255e-09,0.3780290254099422,0.4549354064326974,2.534435015474561,0.3652433456302028,0.5544819647121177
20260528-104617_bench_real_rest_60s,bench_real_rest_60s,0,43.52,47.52,203.42209565334832,1360.0,0.14050838668225635,0.8535138845615016,0.6457223804333145,high_rms;artifact_rms_range,0.5,0.5,6.25,8.25,13.5,31.5,1.0804998227564485e-09,0.17140187888766037,1.1594245453845145e-09,0.18392186775228345,8.302758383283925e-10,0.13170834060987308,1.0393290053733e-09,0.16487086860317,2.1943679785996153e-09,0.34809704414701315,0.7988575648672279,1.396432958616262,0.3553237466399438,0.5129679127501832
20260528-104617_bench_real_rest_60s,bench_real_rest_60s,0,43.776,47.776,185.2448325864989,1360.0,0.17483211481307578,0.8801870747708264,0.9184439592668764,high_rms,0.5,0.5,6.5,13.0,13.25,49.25,7.068806649302255e-10,0.16425555139694614,7.290537680794588e-10,0.16940784295710387,4.6306268148966295e-10,0.10760036290841368,7.831874671055594e-10,0.1819867137960257,1.6213574230239115e-09,0.37674952894151065,0.5912539474118659,1.574417022192564,0.33366339435405,0.5587362427375364
20260528-104617_bench_real_rest_60s,bench_real_rest_60s,0,44.032,48.032,165.66506270182617,1360.0,0.23286248448603206,0.864781507527133,0.9429186716227173,high_rms,49.25,1.0,6.5,8.0,13.25,49.25,6.288983035963365e-10,0.21598287547848358,6.268542639183007e-10,0.21528088985580068,2.2442308081414084e-10,0.07707373678827745,4.149780635858873e-10,0.1425161348364862,1.0166433562699742e-09,0.34914636304095215,0.5408070944157086,2.793180904763708,0.43126376533428423,0.4916624978774383
20260528-104617_bench_real_rest_60s,bench_real_rest_60s,0,44.288,48.288,143.89478795286504,1360.0,0.30740353655599223,0.795045461531872,0.8840262102249303,high_rms;high_50hz_ratio,0.5,0.5,6.5,8.5,25.25,49.25,6.885854519580533e-10,0.3407384481009615,3.0422500850813845e-10,0.1505421832218431,6.188074391894091e-11,0.03062096155286967,2.0938484241007111e-10,0.10361163753285071,7.567861593800856e-10,0.3744867695914751,0.2955359289940872,4.916311428101934,0.4912806313228046,0.47809840712432583
20260528-104617_bench_real_rest_60s,bench_real_rest_60s,0,44.544,48.544,118.1053131743022,1360.0,0.3481696801617762,0.7471998510630613,0.8527454797573357,high_50hz_ratio,1.0,1.0,4.0,8.5,15.0,49.25,7.523808514163036e-10,0.38514907017424577,1.93470981163938e-10,0.09903916129805831,5.365658380793775e-11,0.027467184104236365,1.50129723771132e-10,0.07685246561913614,8.038414595082098e-10,0.41149211880432346,0.35740146894385494,3.6057267800809307,0.48418823147230405,0.4883445844234596
20260528-104617_bench_real_rest_60s,bench_real_rest_60s,0,44.8,48.8,83.78600121738714,1360.0,0.3223769027038146,0.7456718405280582,0.8914346459442781,high_50hz_ratio,49.25,0.75,4.0,11.0,16.0,49.25,6.283825788724937e-10,0.39630693602150496,1.1782186078287144e-10,0.07430763075417275,3.9607634390634006e-11,0.024979655318543157,1.2526061271879258e-10,0.07899908638433772,6.745230264487553e-10,0.42540669152144145,0.31620182538586417,2.9747260243023423,0.4706145667756777,0.5044057779057791
20260528-104617_bench_real_rest_60s,bench_real_rest_60s,0,45.056,49.056,74.33608814028352,1360.0,0.31516865521015797,0.7586959661659907,0.9022470171847631,high_50hz_ratio,0.75,0.75,4.0,8.25,13.0,49.25,5.091852334439728e-10,0.39479892133189876,1.0478080077155512e-10,0.08124223642760905,3.3248335577589593e-11,0.025779237416863745,9.619382942367136e-11,0.07458429192532519,5.463248925712506e-10,0.4235953128983032,0.34563896433681063,3.1514600340529717,0.47604115775950784,0.4981796048236284
20260528-104617_bench_real_rest_60s,bench_real_rest_60s,0,45.312,49.312,73.34452263120949,1360.0,0.30810959527331705,0.7627463326727185,0.9128356070900244,high_50hz_ratio,0.75,0.75,4.0,8.0,14.25,49.75,4.870408458789844e-10,0.38757388697387274,9.793491403964137e-11,0.07793394666168746,3.202310063004377e-11,0.025483114381797442,9.29522206578309e-11,0.07396885449759592,5.466889098974847e-10,0.43504019748504646,0.3445114103075055,3.058258323298018,0.4655078336355602,0.5090090519826423
20260528-104617_bench_real_rest_60s,bench_real_rest_60s,0,45.568,49.568,72.66089044320886,1360.0,0.298112358726201,0.7716641505189504,0.9278314619106985,high_50hz_ratio,1.0,1.0,4.0,8.25,25.75,49.25,4.570853704492948e-10,0.3777667360820279,9.784367916049322e-11,0.08086473493208621,3.719267802154437e-11,0.030738582966542784,8.932183628483094e-11,0.07382169882402083,5.285236639819642e-10,0.43680824719532235,0.4163895366295846,2.6307242275970535,0.45863147101411406,0.5106299460193432
20260528-104617_bench_real_rest_60s,bench_real_rest_60s,0,45.824,49.824,72.63374560078807,1360.0,0.29893693466817334,0.7702348357045963,0.92659459799774,high_50hz_ratio,1.25,1.25,4.0,8.25,14.25,49.25,4.6346541444548567e-10,0.37076001924467467,9.750830984947928e-11,0.07800405749706912,3.224770817877186e-11,0.025797309858089593,9.094312753342239e-11,0.07275208605329193,5.658769503737974e-10,0.45268652734687465,0.3545920296937286,3.023728362614848,0.4487640767417438,0.5254386134001666
20260528-104617_bench_real_rest_60s,bench_real_rest_60s,0,46.08,50.08,72.74492422155652,1360.0,0.2883402547573824,0.7724249360354294,0.9424896178639264,high_50hz_ratio,1.25,1.25,4.0,8.25,14.25,49.25,4.839699434315004e-10,0.3740514568469277,1.0279217103056102e-10,0.07944617604519058,3.4264622768569236e-11,0.02648249594596523,9.66195294427907e-11,0.07467545503278908,5.762129994049205e-10,0.44534441612912745,0.3546345440324012,2.999950465669558,0.4534976328921183,0.5200198711619165
20260528-104617_bench_real_rest_60s,bench_real_rest_60s,0,46.336,50.336,81.03557243581365,1360.0,0.29725752966938823,0.7677232084980743,0.9291137054959177,high_50hz_ratio,1.25,1.25,4.75,8.0,15.75,49.25,5.652573315667084e-10,0.36362054496109836,1.148023117017423e-10,0.07385039841602652,3.463621062173496e-11,0.022280892397724395,1.1857570933403062e-10,0.07627776171904574,7.212537225436216e-10,0.463970402506105,0.29210207399361976,3.3145170802749826,0.4374709433771249,0.5402481642251508
20260528-104617_bench_real_rest_60s,bench_real_rest_60s,0,46.592,50.592,81.02847030519581,1360.0,0.29964858515640297,0.791328107102895,0.9255271222653956,high_50hz_ratio,1.25,1.25,5.0,8.0,15.75,49.25,5.252084495064334e-10,0.32004555035253224,1.1294606723440168e-10,0.06882578961202604,5.347707194137689e-11,0.032587249761126084,1.4044223180061941e-10,0.08558108958758585,8.089689902293092e-10,0.49296032068672974,0.3807762896939454,2.112046586212058,0.38887133996455825,0.5785414102743156
20260528-104617_bench_real_rest_60s,bench_real_rest_60s,0,46.848,50.848,79.35535898727949,1322.0,0.31119919399902657,0.8396986296989654,0.9082012090014602,high_50hz_ratio,49.25,0.75,4.25,10.75,16.25,49.25,4.4326597107365376e-10,0.2553158545352677,1.082441111042393e-10,0.06234730281246245,7.945762172874815e-11,0.04576663203330919,1.6872343447675712e-10,0.09718266382871203,9.364563166209046e-10,0.5393875467902487,0.4709341175703368,1.3622873268691864,0.3176631573477301,0.6365702106189607
20260528-104617_bench_real_rest_60s,bench_real_rest_60s,0,47.104,51.104,78.4767545200488,1322.0,0.27995209239945623,0.8501182090408528,0.9550718614008157,high_50hz_ratio,0.75,0.75,4.25,10.75,17.5,48.25,3.930045851314063e-10,0.2416308371280616,1.1562486279209952e-10,0.07108958380200743,8.579609314673052e-11,0.05274997441169794,1.7992317208246728e-10,0.11062208517105827,8.521182966152522e-10,0.5239075194871748,0.47684849124050643,1.34767048884563,0.312720420930069,0.6345296046582332
20260528-104617_bench_real_rest_60s,bench_real_rest_60s,0,47.36,51.36,77.61407088924018,1322.0,0.22732974636279926,0.8263520656011936,1.0,,0.75,0.75,4.25,8.0,26.0,48.25,3.7738358976930203e-10,0.27856712360029395,1.2613222449110602e-10,0.0931049783888936,7.384529171741922e-11,0.05450918127553252,1.3322205443150064e-10,0.09833836316462882,6.441480975075119e-10,0.47548035357065105,0.5543023040182028,1.7080604810090139,0.37167210198918754,0.5738187167352798
20260528-104617_bench_real_rest_60s,bench_real_rest_60s,0,47.616,51.616,75.99272333585631,1322.0,0.20412655860590032,0.8319333075360542,1.0,,0.75,0.75,4.25,8.25,21.75,48.25,2.92195750006049e-10,0.2606132836883731,1.0366660917663713e-10,0.09246163034815988,6.530895774036747e-11,0.058249929818041515,1.1588576880885574e-10,0.10336006167578521,5.441280889863542e-10,0.4853150944696403,0.5635632261981136,1.587326038623348,0.353074914036533,0.5886751561454255
20260528-104617_bench_real_rest_60s,bench_real_rest_60s,0,47.872,51.872,75.90619210578278,1322.0,0.2099779174884364,0.8256000440532677,1.0,,0.75,0.75,4.25,8.0,26.0,48.25,2.9701601998937774e-10,0.2700184126652881,9.664675641342648e-11,0.08786194009648189,6.092403651081941e-11,0.05538627725333416,1.1360935987306424e-10,0.10328270851498643,5.317881470143309e-10,0.4834506614699094,0.5362589541820308,1.5863485407153404,0.35788035276177,0.5867333699848958
20260528-104617_bench_real_rest_60s,bench_real_rest_60s,0,48.128,52.128,76.02811979787478,1322.0,0.23035760025513236,0.7809194123979059,1.0,,0.5,0.5,4.25,8.0,25.75,48.25,3.114708961347793e-10,0.3074725484559911,7.318190816441865e-11,0.072242472999626,3.41018957823285e-11,0.03366413020764524,1.183322448791142e-10,0.11681321545289945,4.759169726211609e-10,0.4698076328838382,0.28818768558955593,2.145977708439931,0.3797150214556171,0.5866208483367377
20260528-104617_bench_real_rest_60s,bench_real_rest_60s,0,48.384,52.384,72.90971128731755,1322.0,0.2448779440000691,0.7591690547243561,1.0,,0.5,0.5,4.25,8.0,22.0,49.25,2.9039886625674374e-10,0.33059978738506907,6.401079722211058e-11,0.07287203364378526,2.615165176276082e-11,0.02977191551737444,1.0147248902238194e-10,0.11551967722413307,3.963662351120084e-10,0.4512365862296381,0.25772159542664325,2.4476770263995355,0.4034718210288543,0.5667562634537712
20260528-104617_bench_real_rest_60s,bench_real_rest_60s,0,48.64,52.64,73.29132963727702,1322.0,0.21209807739026487,0.7675723781852368,1.0,,0.5,0.5,4.5,8.0,30.0,49.25,2.795582249631546e-10,0.3351104865217431,7.759144381571744e-11,0.09300998563156763,2.8120769450890905e-11,0.03370877295166627,9.862133333745186e-11,0.11821881828192432,3.503352556583744e-10,0.4199519366130987,0.28513880819954324,2.7592219320748077,0.4281204721533107,0.538170754895023
20260528-104617_bench_real_rest_60s,bench_real_rest_60s,0,48.896,52.896,78.71367733755042,1322.0,0.19354753075404563,0.7652594250512726,1.0,,0.75,0.75,4.25,8.0,18.0,49.5,2.937249155517306e-10,0.3469248360598839,8.487814006623675e-11,0.10025140282102145,3.008449755595782e-11,0.035533449257921325,1.0847374392718832e-10,0.12812067971167354,3.294915943079919e-10,0.38916963214949973,0.2773435899488421,2.821324833773992,0.44717623888090535,0.5172903118611732
20260528-104617_bench_real_rest_60s,bench_real_rest_60s,0,49.152,53.152,85.47041593440387,1322.0,0.18962441974941077,0.7826834469264745,1.0,,0.25,0.5,4.25,8.25,18.0,49.5,3.0542896031725e-10,0.33255946467682,9.78084759181424e-11,0.1064965625997189,3.788282786868777e-11,0.04124786642160271,1.2637470013018548e-10,0.13760025434501844,3.5092412395516437e-10,0.3820958519568399,0.29976591698862665,2.5818683931720536,0.4390560272765389,0.5196961063018584
20260528-104617_bench_real_rest_60s,bench_real_rest_60s,0,49.408,53.408,86.20606707187146,1322.0,0.23797551926976143,0.7853826737460594,1.0,,0.25,0.5,4.25,8.25,22.25,49.5,3.271741498221297e-10,0.3199299743776515,9.375953073444176e-11,0.0916835400407959,5.066253004758296e-11,0.04954077804998363,1.4060464962084348e-10,0.1374914307106193,4.1044214300897536e-10,0.4013542768209496,0.3603190234761103,1.8506681495452653,0.4116135144184474,0.5388457075315689
20260528-104617_bench_real_rest_60s,bench_real_rest_60s,0,49.664,53.664,86.13396542595726,1322.0,0.2575935747522198,0.7870887803611754,0.9886096378716703,high_50hz_ratio,0.5,0.5,4.25,8.25,17.5,49.75,3.239777162881318e-10,0.31265877602553604,8.017324479367941e-11,0.07737219977467244,5.1474579847695943e-11,0.049676191671454484,1.4344754401673134e-10,0.13843585926216187,4.371291301538146e-10,0.42185697326617516,0.3588390460117748,1.5575308245525785,0.3900309758002085,0.5602928325283371
20260528-104617_bench_real_rest_60s,bench_real_rest_60s,0,49.92,53.92,86.06052521336365,1322.0,0.2331267088977195,0.790392751019809,1.0,,0.5,0.5,4.25,8.25,17.5,49.25,3.1466552070351257e-10,0.2942000698228157,8.380843466550587e-11,0.07835763916938573,6.917174253903141e-11,0.06467289914462403,1.5653685045206058e-10,0.14635588999352922,4.453804904692901e-10,0.4164135018696453,0.4418879154606172,1.2115992974763565,0.3725577089922014,0.5627693918631745
20260528-104617_bench_real_rest_60s,bench_real_rest_60s,0,50.176,54.176,85.914218846475,1322.0,0.22254498588083801,0.8179760494638555,1.0,,0.25,0.5,4.25,8.25,22.25,48.0,2.69493156282742e-10,0.2746368257750953,9.529640813090287e-11,0.09711527891038754,6.423859167113314e-11,0.06546467877764163,1.389653085134519e-10,0.14161766387473676,4.1327754857403305e-10,0.42116555266213884,0.46226351280265615,1.4834759861917424,0.3717521046854828,0.5627832165368756
20260528-104617_bench_real_rest_60s,bench_real_rest_60s,0,50.432,54.432,78.70073697240706,1322.0,0.21030163953968384,0.8585253697441232,1.0,,0.75,0.75,4.25,8.0,21.75,48.0,2.0121167233998393e-10,0.259221500092046,8.487693894473643e-11,0.10934717246074717,5.5484918587958565e-11,0.07148135921534984,1.3064693906932506e-10,0.16831277795236912,3.039947457239726e-10,0.39163719027948785,0.42469359774679954,1.5297298996696478,0.36856867255279313,0.5599499682318569
20260528-104617_bench_real_rest_60s,bench_real_rest_60s,0,50.688,54.688,79.66810528687122,1322.0,0.2186564065931335,0.882049146625641,1.0,,0.75,0.75,5.25,8.25,26.0,49.25,1.715400935364519e-10,0.23549895720680622,8.37988166244099e-11,0.1150432736940263,5.5667562070658125e-11,0.07642325795455727,1.2644862130268016e-10,0.17359509280372198,2.909561723628796e-10,0.3994394183408883,0.44023858462961524,1.505343749705531,0.35054223090083253,0.5730345111446102
20260528-104617_bench_real_rest_60s,bench_real_rest_60s,0,50.944,54.944,688.0443190667298,16531.0,0.3400915871453709,0.6510045720586392,0.0,high_rms;artifact_rms_range;large_peak_to_peak;artifact_peak_to_peak;high_50hz_ratio,0.0,0.5,4.0,12.75,15.5,50.0,1.4428841694704853e-09,0.36330100961885015,1.8045875565313925e-10,0.04543736046907121,8.917509734781233e-11,0.022453224995329167,4.795184118805607e-10,0.12073701191895905,1.779557729353349e-09,0.4480713929977904,0.18596803613460464,2.023645176963368,0.40873837008792135,0.5688084049167494
20260528-104617_bench_real_rest_60s,bench_real_rest_60s,0,51.2,55.2,691.9493774836423,16531.0,0.17500627142572955,0.8520971920545377,0.0,high_rms;artifact_rms_range;large_peak_to_peak;artifact_peak_to_peak,0.0,0.5,4.75,12.0,21.0,50.0,3.855836744556086e-10,0.2907682059661179,9.349691161094874e-11,0.07050591364084872,1.0025247841367611e-10,0.07560027880629985,3.3421879502131067e-10,0.25203400939033366,4.125342343148449e-10,0.3110915921963998,0.2999606243188201,0.9326144659002685,0.36127411960696665,0.5631256015867334
20260528-104617_bench_real_rest_60s,bench_real_rest_60s,0,51.456,55.456,693.5410708818908,16531.0,0.14722861109109442,0.8998828984088836,0.0,high_rms;artifact_rms_range;large_peak_to_peak;artifact_peak_to_peak,0.0,0.5,4.25,11.75,26.25,50.0,3.659572370131536e-10,0.29961872218925745,1.305533947951088e-10,0.10688746489955107,1.2185778957917942e-10,0.099768146411076,2.734552794862216e-10,0.22388496012342307,3.295860773243516e-10,0.26984070637669244,0.4456223694350702,1.0713586324350586,0.40650618708880853,0.4937256665001155
20260528-104617_bench_real_rest_60s,bench_real_rest_60s,0,51.712,55.712,694.6541110509604,16531.0,0.1008503590006946,0.8986924616515418,0.0,high_rms;artifact_rms_range;large_peak_to_peak;artifact_peak_to_peak,0.0,0.5,6.5,12.25,24.75,50.0,3.9279955758553556e-10,0.24198020164432676,2.17487494557883e-10,0.1339809752122132,1.4257395716596943e-10,0.08783124684843413,4.66057655112659e-10,0.28711011299315226,4.0435280537732845e-10,0.24909746330187366,0.3059148489504059,1.52543633410348,0.37596117685653996,0.5362075762950259
20260528-104617_bench_real_rest_60s,bench_real_rest_60s,0,51.968,55.968,978.348925997264,16851.0,0.1350156604690897,0.7678346177060124,0.0,high_rms;artifact_rms_range;large_peak_to_peak;artifact_peak_to_peak,0.0,0.5,6.5,11.5,25.0,50.0,1.9507533747597606e-09,0.30275619237869045,4.859036940985312e-10,0.0754120711471937,3.613774402310463e-10,0.056085643234826316,2.1159349591293005e-09,0.3283923123423225,1.5293450662690288e-09,0.23735378089696701,0.17078853897274412,1.3445877910582054,0.3781682635258842,0.5657460932392895
20260528-104617_bench_real_rest_60s,bench_real_rest_60s,0,52.224,56.224,981.8717905103497,16851.0,0.10171034259342114,0.8747465607074858,0.0,high_rms;artifact_rms_range;large_peak_to_peak;artifact_peak_to_peak,0.0,0.5,6.5,12.0,25.25,50.0,8.180658155669409e-10,0.18250794636745998,4.3354267465888344e-10,0.096722026160955,3.5069184143499193e-10,0.07823826221581795,1.622722666731093e-09,0.36202439436217426,1.2573342460420069e-09,0.28050737089359273,0.21611323279377495,1.2362496740296982,0.27922997252841497,0.6425317652557669
20260528-104617_bench_real_rest_60s,bench_real_rest_60s,0,52.48,56.48,982.6626521853774,16851.0,0.1180369544546654,0.8332408664469262,0.0,high_rms;artifact_rms_range;large_peak_to_peak;artifact_peak_to_peak,0.0,0.5,6.0,11.0,25.0,49.5,1.706663180355172e-09,0.23848897599265387,5.20666601304332e-10,0.07275790912229321,4.450838550423648e-10,0.06219598221942429,2.939148581785965e-09,0.4107163871751898,1.5445890176504017e-09,0.21584074549043877,0.1514329210168446,1.169816868002936,0.3112468851149471,0.6265571326656286
20260528-104617_bench_real_rest_60s,bench_real_rest_60s,0,52.736,56.736,982.9187952216602,16851.0,0.11001503366670604,0.8061410040622635,0.0,high_rms;artifact_rms_range;large_peak_to_peak;artifact_peak_to_peak,0.0,0.5,6.0,11.0,25.0,49.5,1.933435897572592e-09,0.2777621334240374,5.158306717938011e-10,0.07410549688401094,4.049245843574481e-10,0.05817245690336807,2.782250344985672e-09,0.3997048945420074,1.3243197603529995e-09,0.19025501824657629,0.14553851528394124,1.273893193253118,0.35186763030804835,0.5899599127885837
20260528-104617_bench_real_rest_60s,bench_real_rest_60s,0,52.992,56.992,985.3006825330023,16851.0,0.08945308640892839,0.8000631886828526,0.0,high_rms;artifact_rms_range;large_peak_to_peak;artifact_peak_to_peak,0.0,0.5,6.5,10.75,25.25,49.5,2.184257699853167e-09,0.2992239445647959,6.414452708687733e-10,0.08787231661570467,3.47002945718583e-10,0.04753632787948879,2.8800566867238627e-09,0.394542238504945,1.2469797454302257e-09,0.17082517243506565,0.12048476244171001,1.8485297568308858,0.38709626118050056,0.5653674109400106
