capture,condition,channel,window_start_sec,quality_score,quality_gate,quality_state,valid,activity,calmness,tension,rhythmic_density,register,harmonic_stability,velocity_factor,note_probability,rms_uV,alpha_beta_ratio,beta_over_alpha_beta,theta_alpha_ratio,slow_power,fast_power,dominant_band
20260528-104617_bench_real_rest_60s,bench_real_rest_60s,0,0.0,1.0,1.0,clean,True,0.2721872869577034,0.4481196111016229,0.49497099190486693,0.22299745542888985,0.5391526379493378,0.3855649698495089,0.5183663594504857,0.32839796434311186,30.8453996282861,0.8119868364988713,0.5518803888913115,1.1736794471217782,0.5342217332506479,0.4023534488558096,delta
20260528-104617_bench_real_rest_60s,bench_real_rest_60s,0,0.256,1.0,1.0,clean,True,0.26856875631248195,0.42501998500516935,0.5122317923725158,0.22215011653855887,0.5449072794018832,0.36972933330436986,0.5155328201493188,0.3277200932308471,29.375771469684455,0.5429031270125897,0.6481288309560732,2.9694829691912714,0.5847457239218208,0.3828551070966309,delta
20260528-104617_bench_real_rest_60s,bench_real_rest_60s,0,0.512,0.9965573612028782,1.0,clean,True,0.26458645864368424,0.4148194691556282,0.5200027755303664,0.222133897902695,0.5461401417031884,0.36373541252950287,0.5113488467106893,0.32770711832215604,27.3687569187802,0.6194799748243494,0.6174821643597799,1.7878242568391944,0.5511363641280911,0.4018649801059212,delta
20260528-104617_bench_real_rest_60s,bench_real_rest_60s,0,0.768,0.9798523861538687,1.0,clean,True,0.25845078183235415,0.39738859336965293,0.5324758789981786,0.2231027864925085,0.55165598243516,0.35192247005610483,0.5048055370996235,0.3284822291940068,24.63586676603925,0.5201976963530324,0.6578091799452529,1.0227788708930385,0.549460284419555,0.40397743582693946,delta
20260528-104617_bench_real_rest_60s,bench_real_rest_60s,0,1.024,0.9509079123457047,1.0,clean,True,0.25347755143705264,0.3864434790303698,0.5401332338885036,0.2245538812179093,0.5553266925151262,0.34543351414133017,0.4991157452254061,0.32964310497432747,23.733446660096515,0.5426955263601185,0.6482160497042164,1.0450802112947362,0.5327313846097516,0.4129564566631592,delta
20260528-104617_bench_real_rest_60s,bench_real_rest_60s,0,1.28,0.950108413367851,1.0,clean,True,0.25011020841589243,0.37150250591654854,0.5517574937651875,0.22817709625302166,0.5619342964711144,0.3364713422288348,0.49423946665121,0.3325416770024173,22.708893426180424,0.4797045741692475,0.6758105756045357,1.2826093157039609,0.5069491511839471,0.4391666841633406,delta
20260528-104617_bench_real_rest_60s,bench_real_rest_60s,0,1.536,0.982571929079127,1.0,clean,True,0.25055699419565103,0.36844407873889073,0.5554704538098747,0.23075085329285702,0.5643236117327406,0.3347581735840562,0.49337834205701814,0.3346006826342856,24.64091795311942,0.5594762227421994,0.6412409406508177,1.1011731382880297,0.4937244123147358,0.4484846093830642,delta
20260528-104617_bench_real_rest_60s,bench_real_rest_60s,0,1.792,0.9976467257320542,1.0,clean,True,0.25322880185712293,0.36068472679629354,0.5634550353272489,0.2350942641270515,0.5693666542829483,0.3290422956362661,0.4943063731340812,0.3380754113016412,25.306639142661055,0.5062814473991969,0.6638865543491157,1.1549001668544734,0.47405750727572443,0.4712756635510513,delta
20260528-104617_bench_real_rest_60s,bench_real_rest_60s,0,2.048,0.9871805437330398,1.0,clean,True,0.2573346186713703,0.3531849242567509,0.5728451315703443,0.24090713346852738,0.5760403723920309,0.32359520363127114,0.49577033562475986,0.3427257067748219,25.19038052545953,0.49128096386432624,0.67056445044587,1.158189826338281,0.4327575211259263,0.511695005169256,gamma
20260528-104617_bench_real_rest_60s,bench_real_rest_60s,0,2.304,1.0,1.0,clean,True,0.26171611779120313,0.33996735294650293,0.5864243148135427,0.24967569137610696,0.5849947070934933,0.3152562996378752,0.49659748872099796,0.34974055310088553,23.97929631917138,0.4247281439376678,0.7018882895309176,1.487952033233436,0.3892075152500146,0.5515406638113708,gamma
20260528-104617_bench_real_rest_60s,bench_real_rest_60s,0,2.56,1.0,1.0,clean,True,0.2653461381476596,0.31963409211717464,0.6046954220803948,0.25912962018123076,0.6009357439192274,0.3017332717859481,0.49677129441180257,0.3573036961449846,23.092756749210874,0.34272422630976634,0.7447545671708709,1.7226066621241836,0.37690405549032824,0.5702234018473226,gamma
20260528-104617_bench_real_rest_60s,bench_real_rest_60s,0,2.816,1.0,1.0,clean,True,0.26898502838861216,0.2996380104197153,0.6219129727487194,0.2682137012653281,0.6150196000121355,0.2881026063435845,0.49734123227227034,0.3645709610122625,22.972255959232932,0.3094439857406013,0.7636829149509649,1.7738383311610273,0.3682927496387175,0.5804228676446214,gamma
20260528-104617_bench_real_rest_60s,bench_real_rest_60s,0,3.072,1.0,1.0,clean,True,0.2712842621170386,0.2850302875005559,0.6326444417066832,0.2731845820086013,0.6235462508440688,0.27814644524670956,0.4986026111613664,0.368547665606881,23.997057401816463,0.3136677244466201,0.7612275017386613,2.0762507010143105,0.4082866824138325,0.5418370578554157,gamma
20260528-104617_bench_real_rest_60s,bench_real_rest_60s,0,3.328,1.0,1.0,clean,True,0.2682684806618515,0.27123225693401926,0.6419076468107865,0.27217790001435754,0.6260537593874,0.26936039092478753,0.4964585759482403,0.36774232001148605,22.781979054894155,0.2945628896100936,0.7724615065207551,2.8553856219372507,0.4636475746960572,0.4979502016825704,gamma
20260528-104617_bench_real_rest_60s,bench_real_rest_60s,0,3.584,1.0,1.0,clean,True,0.26326773591226343,0.28080559959609713,0.6320812793517696,0.26644626779792013,0.6195516942760788,0.27695138032640626,0.49350203779912594,0.36315701423833613,22.42072399215843,0.45163413038979006,0.6888788153015785,1.5373503934334103,0.4886896752174861,0.45714755681631775,delta
20260528-104617_bench_real_rest_60s,bench_real_rest_60s,0,3.84,1.0,1.0,clean,True,0.2559700380818384,0.30684238310275,0.6094657969759962,0.25726307090724904,0.6050909946095887,0.2974604483138736,0.4887884900665642,0.35581045672579925,21.181305738822502,0.6374442834630164,0.6107078024538757,1.2362350726996698,0.5034192212735777,0.4275578025459138,delta
20260528-104617_bench_real_rest_60s,bench_real_rest_60s,0,4.096,1.0,1.0,clean,True,0.251750143477314,0.3291863180746253,0.5899113373095423,0.2503325753883997,0.5900602856881235,0.3144504160720012,0.48674300098590695,0.3502660603107198,22.154810820234882,0.6665058826080343,0.6000578878422778,1.1539276641136842,0.5061321618008561,0.4210439887921184,delta
20260528-104617_bench_real_rest_60s,bench_real_rest_60s,0,4.352,1.0,1.0,clean,True,0.2535770607408816,0.31992217804722567,0.5936817461841283,0.24963057694918112,0.5887849164556086,0.30613334398863434,0.49049486753256083,0.34970446155934487,25.58610406339119,0.409613604932053,0.7094142653668192,1.809558649017843,0.5405732609044802,0.411426614050364,delta
20260528-104617_bench_real_rest_60s,bench_real_rest_60s,0,4.608,1.0,1.0,clean,True,0.252866748179935,0.3129672365694435,0.5943289332973896,0.24693934632814327,0.5856230536903962,0.29956652598272504,0.4924875663722249,0.3475514770625146,25.436707458115297,0.4103243603122847,0.7090567447706629,1.625921365287073,0.5804679856573336,0.37263521666468513,delta
20260528-104617_bench_real_rest_60s,bench_real_rest_60s,0,4.864,1.0,1.0,clean,True,0.2515988502451505,0.30834890099179363,0.594442138560799,0.24496540027370048,0.5851772002501309,0.29519359488588653,0.4930710228638244,0.34597232021896035,24.644712401455607,0.41587742335242806,0.7062758283314112,1.4130443190238295,0.5735021429316924,0.37770355924082405,delta
20260528-104617_bench_real_rest_60s,bench_real_rest_60s,0,5.12,1.0,1.0,clean,True,0.24755114285925786,0.31574074763877114,0.5858600995206263,0.23841064727409828,0.5794408111010488,0.30112028919377026,0.49176006732849054,0.3407285178192786,24.21550396209797,0.5131987139228453,0.6608517379719202,1.9791231365423294,0.6091870559577395,0.343795603709745,delta
20260528-104617_bench_real_rest_60s,bench_real_rest_60s,0,5.376,1.0,1.0,clean,True,0.2431642564402626,0.3151043831904139,0.5832629538161525,0.23165057255269894,0.5749945157235727,0.3019028056117594,0.4904868684425629,0.33532045804215915,24.516454015952217,0.4557931573843592,0.6869107708870864,3.5496926972779193,0.6490231609212769,0.31605032184916376,delta
20260528-104617_bench_real_rest_60s,bench_real_rest_60s,0,5.632,1.0,1.0,clean,True,0.23499366536535007,0.3146343348289522,0.5792884078554298,0.22455074777190498,0.5696186925971023,0.3025308421233325,0.48538736964113305,0.329640598217524,21.889243696354466,0.4559131623546799,0.6868541516407826,2.353873873435813,0.672208105756789,0.2897305925705174,delta
20260528-104617_bench_real_rest_60s,bench_real_rest_60s,0,5.888,1.0,1.0,clean,True,0.2309922053085497,0.31113922917658055,0.5796385192311307,0.22065033227296588,0.567962472657555,0.300748293937314,0.48324644302992126,0.32652026581837273,22.767053562347943,0.42871714672596944,0.6999286053807843,2.935604898262221,0.6588549100215201,0.3057540440176952,delta
20260528-104617_bench_real_rest_60s,bench_real_rest_60s,0,6.144,1.0,1.0,clean,True,0.22976585838090255,0.31131795975433185,0.5764613557905407,0.2168237027604515,0.5644160854252303,0.3003993970207676,0.4843495134726623,0.32345896220836123,24.840129826676105,0.4532432216212041,0.6881160600739583,2.843096712281954,0.6855060750489124,0.27917595297727626,delta
20260528-104617_bench_real_rest_60s,bench_real_rest_60s,0,6.4,1.0,1.0,clean,True,0.23276624952636538,0.31842938736923054,0.5688042936510728,0.21339517775841105,0.5591812604083833,0.30433406247096584,0.48963521127217824,0.3207161422067289,28.006734792689233,0.5173330449959913,0.6590510918404316,3.284283559737887,0.6971452444976983,0.268152869872936,delta
20260528-104617_bench_real_rest_60s,bench_real_rest_60s,0,6.656,1.0,1.0,clean,True,0.23736148985261551,0.3141547553006168,0.5726504764094437,0.2144023855164644,0.5604391245343363,0.29987102556994605,0.49447687195185125,0.3215219084131716,27.944549363159126,0.4298346270428027,0.6993815795737134,3.445821176979062,0.6548008820338843,0.31392769679239296,delta
20260528-104617_bench_real_rest_60s,bench_real_rest_60s,0,6.912,1.0,1.0,clean,True,0.24130197844381115,0.30423781477152767,0.5830109786273451,0.21858944616097645,0.5668320385444389,0.29259793073242096,0.4967819492091621,0.32487155692878117,26.237752278233216,0.3752021319221299,0.7271658302287308,3.6274188775251206,0.6009013216975451,0.3670899845739914,delta
20260528-104617_bench_real_rest_60s,bench_real_rest_60s,0,7.168,1.0,1.0,clean,True,0.2450366436573831,0.2952817214056318,0.5932086232924477,0.22326629568822576,0.5732834658566914,0.28657387856397765,0.4984365367944345,0.3286130365505806,25.790351100234556,0.3641090133017612,0.733079240911513,3.864483757790629,0.5751607033714305,0.39225564951817543,delta
20260528-104617_bench_real_rest_60s,bench_real_rest_60s,0,7.424,1.0,1.0,clean,True,0.24905139131180903,0.2857147678471781,0.6042286022024124,0.2283312701997483,0.5806282227983747,0.2796232846936072,0.5001654200013483,0.33266501615979865,25.78170160394084,0.34303797336416736,0.7445805850797823,3.743256544259094,0.5544371572543616,0.41419637064422005,delta
20260528-104617_bench_real_rest_60s,bench_real_rest_60s,0,7.68,1.0,1.0,clean,True,0.25487850691158787,0.2910270474113522,0.6051946336045515,0.2324041138226412,0.5825760347851902,0.2834606369784758,0.5034302488192449,0.33592329105811297,26.782523243360156,0.44477199969088516,0.6921507339607508,3.1735495671865785,0.5186278577300744,0.44294965639977196,delta
20260528-104617_bench_real_rest_60s,bench_real_rest_60s,0,7.936,1.0,1.0,clean,True,0.2636738013948515,0.2940150831606604,0.6091836383241962,0.23860464493541894,0.586996403733339,0.28460412466223023,0.5089271802227957,0.3408837159483351,28.21993609679113,0.4357031740916932,0.6965228036253339,2.9462473370335003,0.475126181076324,0.48627750308783113,gamma
20260528-104617_bench_real_rest_60s,bench_real_rest_60s,0,8.192,1.0,1.0,clean,True,0.2664503990450592,0.2911030260276371,0.6139084330992266,0.24147325865382116,0.5904941460312938,0.28381642397043677,0.5102683251629888,0.3431786069230569,26.737999406697316,0.39252785772468324,0.7181184882189262,4.430663381035788,0.5140365292178996,0.4507740022702708,gamma
20260528-104617_bench_real_rest_60s,bench_real_rest_60s,0,8.448,1.0,1.0,clean,True,0.269870578132027,0.283743624525352,0.6227765911142256,0.2451986419795644,0.5971909574851495,0.27879017778562437,0.5119292677536251,0.3461589135836515,26.915525134299113,0.3521532387099985,0.7395611468901553,4.5937975899755195,0.4961365115364419,0.47284247000325375,gamma
20260528-104617_bench_real_rest_60s,bench_real_rest_60s,0,8.704,1.0,1.0,clean,True,0.28191340558366845,0.2785300784354705,0.6292166191861059,0.2525431469810495,0.6020946418860358,0.27108986817807607,0.5221653275413937,0.3520345175848396,32.40995938165056,0.35505121949338275,0.7379794841752283,2.7723533040511246,0.4777430689060827,0.4861622378259924,gamma
20260528-104617_bench_real_rest_60s,bench_real_rest_60s,0,8.96,1.0,1.0,clean,True,0.28813066693053074,0.2742376894673649,0.634058041052739,0.25714471131375427,0.6056694143807695,0.2653951446363669,0.5270840050268117,0.3557157690510034,30.646102995690264,0.35253047353385053,0.7393548755911155,2.421192252999986,0.48137715252920366,0.48235912630961103,delta
20260528-104617_bench_real_rest_60s,bench_real_rest_60s,0,9.216,0.9896227401482629,1.0,clean,True,0.29427996111640164,0.2715815840592155,0.6394204899076347,0.2618897812595325,0.6099459580295556,0.261420566819193,0.531258103250679,0.359511825007626,30.67580966583431,0.35716622836332335,0.7368294163925501,2.3925499107610895,0.4492710354370725,0.5150401643544695,gamma
20260528-104617_bench_real_rest_60s,bench_real_rest_60s,0,9.472,0.9733883541756583,1.0,clean,True,0.3001460589822057,0.2694050574196839,0.6449992088547465,0.2668428843643115,0.6146520230612135,0.2582300013776005,0.5348234030384641,0.3634743074914492,30.682108360845152,0.35595559580822256,0.7374872769315882,2.3193434172730214,0.4237697375000345,0.539995241623446,gamma
20260528-104617_bench_real_rest_60s,bench_real_rest_60s,0,9.728,0.9676862333814975,1.0,clean,True,0.3050214888653429,0.2652449461268908,0.6515902948434928,0.2714365457003912,0.6198281067601883,0.2538975220791099,0.5376277163745002,0.367149236560313,30.66088176410407,0.3370257713218664,0.7479287396264016,2.3763410953232635,0.41541629224625415,0.5496663788162041,gamma
20260528-104617_bench_real_rest_60s,bench_real_rest_60s,0,9.984,0.9541877395668446,1.0,clean,True,0.30799374246528105,0.25713934139016315,0.6601708617446509,0.2755965971688062,0.6258500958748494,0.24743604723433146,0.5388870430807982,0.37047727773504496,30.028518472683476,0.3011880770681187,0.7685284069357136,2.7436383881559867,0.4152541694661249,0.5521174967215993,gamma
20260528-104617_bench_real_rest_60s,bench_real_rest_60s,0,10.24,1.0,1.0,clean,True,0.30140197250730066,0.25949151531970055,0.6566683389560151,0.27221477563346147,0.6229567840273248,0.2521190369179404,0.5331506142696885,0.36777182050676915,26.522841523957986,0.36414494061598335,0.7330599338961463,3.6002406374600016,0.4795970928784916,0.4837588052079589,gamma
20260528-104617_bench_real_rest_60s,bench_real_rest_60s,0,10.496,1.0,1.0,clean,True,0.2918415787115919,0.26370542479021497,0.6499685440485796,0.2666728996376411,0.6177529513661106,0.2585451289373347,0.5253749244082688,0.3633383197101129,24.655803618963933,0.3832205116497602,0.7229505285459515,3.5397650231590303,0.5150349686576544,0.4465087612202958,delta
20260528-104617_bench_real_rest_60s,bench_real_rest_60s,0,10.752,1.0,1.0,clean,True,0.2841195388331587,0.26150240910835404,0.647543678560037,0.26277898010575185,0.6148433411208445,0.2588174733261284,0.519461595824873,0.36022318408460147,24.667290027511253,0.341428753526374,0.7454738072105578,3.3132299950164064,0.5337168725140039,0.42982357448302155,delta
20260528-104617_bench_real_rest_60s,bench_real_rest_60s,0,11.008,1.0,1.0,clean,True,0.27845814634654303,0.2582492722246031,0.6457398196300995,0.26029710022822367,0.6118923379403414,0.257408300142362,0.5154272296861344,0.35823768018257895,24.888219855183237,0.3296947072617147,0.752052327900739,2.94553929854339,0.5430437558108724,0.4190195488774978,delta
20260528-104617_bench_real_rest_60s,bench_real_rest_60s,0,11.264,1.0,1.0,clean,True,0.27578992389861284,0.26048438711193483,0.6423266843685809,0.2582364280368566,0.609019622724119,0.2589450193050032,0.5136567933466851,0.3565891424294853,25.680043013180732,0.3653037425516496,0.7324377490712087,2.5190880885732576,0.5278229646585575,0.4338041692392577,delta
20260528-104617_bench_real_rest_60s,bench_real_rest_60s,0,11.52,1.0,1.0,clean,True,0.27384002864843165,0.2658285122465312,0.6378282978100411,0.2560786885252058,0.6060255867460949,0.26248179776826563,0.5122384185174944,0.35486295082016467,25.620096610054688,0.39421707373387405,0.7172484248199545,2.210808805954982,0.5202825563049412,0.4409439774982122,delta
20260528-104617_bench_real_rest_60s,bench_real_rest_60s,0,11.776,1.0,1.0,clean,True,0.2735199191509674,0.26894545916839785,0.6363111523082152,0.2556402089556846,0.6053683712313314,0.2643921391109832,0.5116697193425149,0.3545121671645477,25.66804730091192,0.38660828626703514,0.7211842089050846,2.2026653328299233,0.5000337594491672,0.4616314575034188,delta
20260528-104617_bench_real_rest_60s,bench_real_rest_60s,0,12.032,1.0,1.0,clean,True,0.27448583173083474,0.2643870536489592,0.6419988086714389,0.2596363082635371,0.6096313888306248,0.2610564474913618,0.5106173536204067,0.3577090466108297,24.304057995520388,0.33324818826239616,0.750047897156439,1.911222224358498,0.44769993195510005,0.5117066273872364,gamma
20260528-104617_bench_real_rest_60s,bench_real_rest_60s,0,12.288,0.9886657549554272,1.0,clean,True,0.27620418314707834,0.2636474424628491,0.6459532585877307,0.26746449041931647,0.6160663091006848,0.26162211839893007,0.5083405919992141,0.3639715923354532,21.978448272883824,0.35373931159495337,0.7386946596218464,1.3523066079259989,0.3672702639132946,0.57657234887335,gamma
20260528-104617_bench_real_rest_60s,bench_real_rest_60s,0,12.544,1.0,1.0,clean,True,0.2727526984095626,0.2694432807151537,0.6407321102271035,0.2700763413808302,0.611891938323156,0.2685699302466441,0.5033282225259229,0.3660610731046642,20.210603611924494,0.40409360108549247,0.712203231481585,1.5073824333323662,0.4070776055964206,0.5259410943059827,gamma
20260528-104617_bench_real_rest_60s,bench_real_rest_60s,0,12.8,0.9671391895597768,1.0,clean,True,0.26742721429972954,0.26083152647409225,0.6458179255305081,0.2750462861447307,0.613868327195846,0.26546110589617355,0.49593842893765383,0.37003702891578455,17.186250488002514,0.3047352270125667,0.7664390286186566,1.668979221960832,0.398196832490093,0.5426122253220459,gamma
20260528-104617_bench_real_rest_60s,bench_real_rest_60s,0,13.056,0.9514193714820597,1.0,clean,True,0.263361826460886,0.2517492649910031,0.6510320303363765,0.27957788996768473,0.618703832148264,0.261256861138933,0.49026584544000396,0.3736623119741478,16.914554636008095,0.28698268669835075,0.7770112297015985,1.67147807399161,0.400952566917531,0.5410909406227908,gamma
20260528-104617_bench_real_rest_60s,bench_real_rest_60s,0,13.312,0.9642877996666946,1.0,clean,True,0.2598377235768682,0.24711646065636067,0.6542653095909448,0.2815350604700568,0.6223302898319812,0.25969071533850263,0.48567543778886896,0.3752280483760454,16.852792374380435,0.30283978382177534,0.767554086399219,1.666921440853152,0.4020047969791255,0.5415942119772171,gamma
20260528-104617_bench_real_rest_60s,bench_real_rest_60s,0,13.568,0.9713547100998531,1.0,clean,True,0.2577016291905765,0.24613332538344157,0.6558291227280506,0.28281131118939395,0.6249542573816697,0.2603625159654564,0.4824802476362394,0.3762490489515152,16.901020399339,0.32103897610618665,0.7569799363099239,1.6206303118452614,0.3903806066629573,0.5519180675041929,gamma
20260528-104617_bench_real_rest_60s,bench_real_rest_60s,0,13.824,0.9703462600751327,1.0,clean,True,0.2571763176781323,0.24378926061928674,0.6583232274359431,0.284816877859757,0.6250292521442349,0.25956443617431885,0.4809184078736387,0.3778535022878057,17.17768067857538,0.3095285296785832,0.7636336111297218,1.6518158835966186,0.38495492247410595,0.5580663575198963,gamma
20260528-104617_bench_real_rest_60s,bench_real_rest_60s,0,14.08,0.9776843599747034,1.0,clean,True,0.2564605948454597,0.24275839941111663,0.6587327422608618,0.2853827890651446,0.6238254318144846,0.2592543012266784,0.4800174399621857,0.3783062312521157,17.45856616228735,0.31491402743099617,0.7605059944105615,1.5840617728289919,0.40295683995626386,0.5399374941149573,gamma
20260528-104617_bench_real_rest_60s,bench_real_rest_60s,0,14.336,0.9845963831308392,1.0,clean,True,0.25956609049531704,0.24935731215797974,0.654355177437332,0.2856444568339941,0.6207415271986965,0.26331720444583134,0.4830278708053726,0.37851556546719534,19.716811666683455,0.3703395712303596,0.7297461308060137,1.362601768652353,0.3932529472760581,0.5435038935545919,gamma
20260528-104617_bench_real_rest_60s,bench_real_rest_60s,0,14.592,0.998135892716731,1.0,clean,True,0.26872522168701896,0.24556466153779918,0.6580246768107194,0.28428436730500417,0.622446776292005,0.256189590811521,0.494012474624438,0.37742749384400337,26.071675693072315,0.30472438300299115,0.766445398753234,1.876829616369477,0.4596012609755563,0.5027600364443884,delta
20260528-104617_bench_real_rest_60s,bench_real_rest_60s,0,14.848,1.0,1.0,clean,True,0.28602411022017016,0.23517870780654998,0.6643032960516235,0.28572857784425637,0.6265069272709293,0.2415026426955544,0.514182997410036,0.37858286227540516,33.87699656615833,0.2535881678609169,0.7977101456689765,2.4584111849156307,0.5085186761859378,0.4615688445172359,delta
20260528-104617_bench_real_rest_60s,bench_real_rest_60s,0,15.104,1.0,1.0,clean,True,0.2949396707708514,0.22591387776743727,0.6661980292419692,0.28360728905368127,0.6305753594618372,0.23080273314342567,0.5272428709023316,0.37688583124294506,33.30463304429569,0.2446716374410073,0.8034247506830173,3.677220845450178,0.573018905202412,0.3977968892778587,delta
20260528-104617_bench_real_rest_60s,bench_real_rest_60s,0,15.36,1.0,1.0,clean,True,0.3014173065323475,0.21868362056210255,0.667535894024956,0.28124920279678267,0.6335085395725908,0.2226032787172499,0.5372168533516937,0.37499936223742614,33.68694769065593,0.24345291896852234,0.804212193914411,4.119962856507269,0.5836295253190348,0.388584818804141,delta
20260528-104617_bench_real_rest_60s,bench_real_rest_60s,0,15.616,1.0,1.0,clean,True,0.3062914397253884,0.21298580500423955,0.6692675785827112,0.27947148515180253,0.6345613092803435,0.21616744892926504,0.544569614802707,0.3735771881214421,33.69880415588761,0.24214764319415408,0.8050572775884296,4.197961363090777,0.5778589638176899,0.39517892083253464,delta
20260528-104617_bench_real_rest_60s,bench_real_rest_60s,0,15.872,1.0,1.0,clean,True,0.30869665450550765,0.22151814960795851,0.6584591198323106,0.2778125596914782,0.6292312737924608,0.22006437202222934,0.5490263332343459,0.37225004775318266,32.89953244042381,0.3307379345544903,0.7514627591414711,1.7284023027543023,0.5743192373151634,0.38016372572523527,delta
20260528-104617_bench_real_rest_60s,bench_real_rest_60s,0,16.128,1.0,1.0,clean,True,0.31926434898939327,0.23077087535509566,0.6470586045956225,0.27645869542457424,0.6197739559322143,0.22279396289075348,0.562719746800367,0.37116695633965946,40.384077902730304,0.35148133747657473,0.7399288264393163,2.7789991331399264,0.6177412410958042,0.3411109880085766,delta
20260528-104617_bench_real_rest_60s,bench_real_rest_60s,0,16.384,1.0,1.0,clean,True,0.33469628018149655,0.26356561285196994,0.6213682754869682,0.27297820696942465,0.604204510845754,0.24113577702486383,0.5808674887755403,0.3683825655755397,46.34872957828159,0.5808167631050801,0.6325843850669527,2.267748564468099,0.6068394398672352,0.34508369462161304,delta
20260528-104617_bench_real_rest_60s,bench_real_rest_60s,0,16.64,1.0,1.0,clean,True,0.34842204518489145,0.3001191940725473,0.594585046817695,0.2689019465162319,0.5886020282503184,0.2628216000313462,0.596613181966148,0.36512155721298556,48.48428321971738,0.7119541343217006,0.584127798720146,2.3389500323460712,0.5998145889121874,0.3529910485394403,delta
20260528-104617_bench_real_rest_60s,bench_real_rest_60s,0,16.896,1.0,1.0,clean,True,0.3563508087842144,0.3314816952312839,0.5704302917469355,0.2640298728766478,0.5740191740249874,0.282232338595935,0.6066330597498938,0.3612238983013183,48.1114438445028,0.7568402468121262,0.5692037177574784,2.231895312709992,0.6151888211841393,0.3345538831397681,delta
20260528-104617_bench_real_rest_60s,bench_real_rest_60s,0,17.152,1.0,1.0,clean,True,0.36696480854692426,0.361606182962962,0.5469114837089875,0.2608790529380921,0.5587464524475696,0.3020771839404567,0.6191683748701429,0.3587032423504737,52.28733464952781,0.8416219628262607,0.5429996058784129,2.6878736767204736,0.6189406641585202,0.3260743643746148,delta
20260528-104617_bench_real_rest_60s,bench_real_rest_60s,0,17.408,1.0,1.0,clean,True,0.3769966350172329,0.38248123917715277,0.5340691929723966,0.26198153588697876,0.5515653210823643,0.31510993257385844,0.6285064885302054,0.359585228709583,52.130598324490535,0.8135180559805674,0.5514144161369896,2.2484133371638895,0.5488290248524543,0.3920444938933378,delta
20260528-104617_bench_real_rest_60s,bench_real_rest_60s,0,17.664,1.0,1.0,clean,True,0.3753476711627406,0.39036260781129895,0.5308775196801645,0.26090233143324587,0.5511962809231097,0.3200410194017561,0.6258929396890285,0.3587218651465967,45.98769994770849,0.710338083412999,0.5846797248392631,2.0663274970260925,0.5455661979255222,0.402356477306501,delta
20260528-104617_bench_real_rest_60s,bench_real_rest_60s,0,17.92,1.0,1.0,clean,True,0.37375461342737815,0.3968830770527715,0.5276870764570035,0.2600347143216989,0.5503102276048432,0.32435040813117244,0.6236271651410658,0.3580277714573591,46.29232928059356,0.7168302420847339,0.582468770341602,2.123856234454467,0.546010987336013,0.3992676625254166,delta
20260528-104617_bench_real_rest_60s,bench_real_rest_60s,0,18.176,1.0,1.0,clean,True,0.36823638092306205,0.38186731537172686,0.5397593365714547,0.26159890740654956,0.5553966658437368,0.3151586385841396,0.6170122258500547,0.3592791259252397,42.84976627137879,0.5022174307750483,0.665682596611225,2.9426345818963897,0.5426989658183844,0.4096955120471602,delta
20260528-104617_bench_real_rest_60s,bench_real_rest_60s,0,18.432,1.0,1.0,clean,True,0.3616213733233833,0.3582457643132214,0.5568336096206397,0.2638249983831789,0.5634988426132002,0.29957413860690507,0.6096677809926991,0.36105999870654315,41.42679248547765,0.395564700489078,0.7165558140320303,3.2208711649738753,0.5564051570528126,0.40117636574515586,delta
20260528-104617_bench_real_rest_60s,bench_real_rest_60s,0,18.688,0.9833585757466393,1.0,clean,True,0.3595156733382351,0.3414818770140993,0.5723253488963557,0.2722039820010112,0.5749690141339021,0.2873188712633506,0.6035808636698157,0.367763185600809,39.50599745292766,0.40527643000381286,0.711603766094908,1.2661092934617548,0.4443313459279945,0.4965618865173026,delta
20260528-104617_bench_real_rest_60s,bench_real_rest_60s,0,18.944,0.9984205602250094,1.0,clean,True,0.34130461574074533,0.3545323121651631,0.5588927361651062,0.2611016074072581,0.5628613745551257,0.3022566936553326,0.5878312451536124,0.3588812859258065,34.70020213716781,0.6552418841250649,0.6041413098494403,2.6116625666541196,0.6047079842181787,0.3389647172376215,delta
20260528-104617_bench_real_rest_60s,bench_real_rest_60s,0,19.2,0.9977297735110373,1.0,clean,True,0.3293915251685625,0.36979891328008707,0.5464137726012017,0.2538629380678301,0.5557396344189727,0.3156104867586771,0.5768221734658695,0.3530903504542641,35.085169660753586,0.718635778288565,0.5818568498493396,1.5325669272011775,0.5675480332420152,0.3695488956231324,delta
20260528-104617_bench_real_rest_60s,bench_real_rest_60s,0,19.456,0.9975235981372855,1.0,clean,True,0.31792593809539305,0.3708190704283376,0.5476093610209413,0.24921464513554697,0.5602726527002677,0.319552329555598,0.5649229390735061,0.3493717161084376,32.32387215854087,0.5975705886368139,0.6259504319276344,2.2736207396216743,0.5457056796672937,0.40695309133111135,delta
20260528-104617_bench_real_rest_60s,bench_real_rest_60s,0,19.712,0.9961199610992841,1.0,clean,True,0.30672434395397163,0.3696065116039707,0.551118742766394,0.24623719772186065,0.5617560159684449,0.3217839376300735,0.5525320199837521,0.34698975817748856,29.541190874719494,0.5767069723644472,0.634233257999057,1.8521428114787877,0.5198589209232379,0.4311598964790518,delta
20260528-104617_bench_real_rest_60s,bench_real_rest_60s,0,19.968,0.945150204906552,1.0,clean,True,0.2946831394992732,0.36988364331850476,0.5536461014583358,0.2433320141328896,0.563408288289717,0.3245919935136365,0.5390435434739614,0.34466561130631174,26.366058994772562,0.589221839216326,0.6292387729115981,1.055386747995027,0.5023429755506161,0.44620436552364034,delta
20260528-104617_bench_real_rest_60s,bench_real_rest_60s,0,20.224,0.9692096020769796,1.0,clean,True,0.27830190103160124,0.3727597967824775,0.5511944810494671,0.23659277944310253,0.5647522791965962,0.33095065554034436,0.522980400705216,0.33927422355448206,22.788155604759982,0.617776427876461,0.6181323839073725,1.356139222395,0.5485665222046211,0.40098625919529624,delta
20260528-104617_bench_real_rest_60s,bench_real_rest_60s,0,20.48,0.9489221624914492,1.0,clean,True,0.26501299930406486,0.37910047102709177,0.5457113513045978,0.2299154983059548,0.5637053380810809,0.33902697448575986,0.5104345939636343,0.3339323986447638,22.699709266715615,0.6643899831292138,0.6008207271903877,1.4022857391210717,0.5626240871933341,0.38690142383228765,delta
20260528-104617_bench_real_rest_60s,bench_real_rest_60s,0,20.736,0.9304220858662925,1.0,clean,True,0.2602777459814914,0.3764746744359406,0.5463240537736279,0.2275819604205274,0.5651510464575247,0.3378548372826639,0.5064856747099444,0.3320655683364219,26.503065036743852,0.5826782873352306,0.6318403480950083,1.5370900633024662,0.5725285246531238,0.3796345012848655,delta
20260528-104617_bench_real_rest_60s,bench_real_rest_60s,0,20.992,0.9712421898559395,1.0,clean,True,0.2623936852564758,0.41246154811952784,0.5138250667349431,0.21928699493071308,0.5422392096702401,0.3628013549847364,0.5125556873216583,0.3254295959445705,34.40374873115585,1.111575575068287,0.4735800185412926,1.563859447259085,0.6492164497155858,0.283466450301965,delta
20260528-104617_bench_real_rest_60s,bench_real_rest_60s,0,21.248,0.9317757818779043,1.0,clean,True,0.29877545167996844,0.37362600872460433,0.5375899006314672,0.2458423241821407,0.5509939307730888,0.3250145336875501,0.5466439917801816,0.3466738593457126,51.590466114875575,0.3344841936435122,0.7493531993557078,1.668978146527586,0.5198412844686511,0.410770286441402,delta
20260528-104617_bench_real_rest_60s,bench_real_rest_60s,0,21.504,0.6493856299012366,0.35,artifact_suspected,True,0.263988007593277,0.34227289484469536,0.5385252264471359,0.2160662005421619,0.5584615290513091,0.34190473234947455,0.5191018164756528,0.3228529604337296,54.76430247315471,0.3209830824500693,0.7570119657716909,1.72204703761451,0.49618655932600375,0.4307442296907762,delta
20260528-104617_bench_real_rest_60s,bench_real_rest_60s,0,21.76,0.6443624300156567,0.35,artifact_suspected,True,0.24189202569754104,0.29959614474766605,0.544628525703151,0.19688633301230796,0.5763300713189539,0.35097397651726436,0.5018688501247695,0.30750906640984643,61.08281381205294,0.19682091253083106,0.8355468972230221,4.322534441316686,0.4669206473842815,0.48229649034727773,beta
20260528-104617_bench_real_rest_60s,bench_real_rest_60s,0,22.016,0.6438653674334531,0.35,artifact_suspected,True,0.22253957833292648,0.2842956568239312,0.5446389524393556,0.18009643559410612,0.5848780758353699,0.36159143875252703,0.48653801370914407,0.294077148475285,57.207977083951604,0.30863350705531584,0.7641558882646992,2.1440477757299425,0.46911739258719953,0.4571073931008727,delta
20260528-104617_bench_real_rest_60s,bench_real_rest_60s,0,22.272,0.6437081131795234,0.35,artifact_suspected,True,0.20561865188840106,0.2841437756297975,0.5416773358354969,0.16520874297353727,0.5808415780942913,0.37283322727686,0.47304350405584905,0.28216699437882986,54.28541637741621,0.39599063939184803,0.7163371814815687,2.042475602205713,0.48495793303800505,0.43138323087023644,delta
20260528-104617_bench_real_rest_60s,bench_real_rest_60s,0,22.528,0.6438111170444745,0.35,artifact_suspected,True,0.18819248751048137,0.2700729711562935,0.5416890107698453,0.15095819501988467,0.5809667774851545,0.3786139115225545,0.4593884158846536,0.27076655601590777,49.15368791138784,0.2911812972737696,0.774484576338822,4.41950793146196,0.6147805364137587,0.33294389828601606,delta
20260528-104617_bench_real_rest_60s,bench_real_rest_60s,0,22.784,0.6439284371264549,0.35,artifact_suspected,True,0.17357107189213591,0.2864080017376407,0.5339607333144881,0.13682957459792366,0.5664542681094799,0.39058802126970765,0.44859741021848054,0.25946365967833895,49.947197163979,0.5108834949498111,0.6618644014165929,4.004835268438938,0.6702737205701492,0.25977046770277423,delta
20260528-104617_bench_real_rest_60s,bench_real_rest_60s,0,23.04,0.6429560379283341,0.35,artifact_suspected,True,0.1610019148248069,0.3408530984226951,0.5167023560026469,0.12369552033001743,0.5382514187408087,0.41008258413005616,0.43921329068892523,0.24895641626401396,47.96223252696838,1.0544957937382042,0.4867374287375552,1.480728750146927,0.6268126688248826,0.23609261849110078,delta
20260528-104617_bench_real_rest_60s,bench_real_rest_60s,0,23.296,0.6431938504679064,0.35,artifact_suspected,True,0.15559718510425374,0.31793869573788125,0.5208577061039619,0.1188143659611012,0.5444365348572675,0.40767862471547067,0.43554739883954996,0.24505149276888097,53.71448113875019,0.32516399865998424,0.7546235794261099,3.7930162109265275,0.6570571262542719,0.28943713946066285,delta
20260528-104617_bench_real_rest_60s,bench_real_rest_60s,0,23.552,0.6433902829684737,0.35,artifact_suspected,True,0.155566268553222,0.31117933005580445,0.5230298584096527,0.11791530629777554,0.5492119159780166,0.40895216284760816,0.43557089160616125,0.24433224503822043,57.66479223000075,0.40800385548855955,0.7102253279336638,2.9576012529201194,0.5239632333568671,0.3992745454492065,delta
20260528-104617_bench_real_rest_60s,bench_real_rest_60s,0,23.808,0.6435358029373301,0.35,artifact_suspected,True,0.15727750942912283,0.3015585442437681,0.5270439285802717,0.11885397456897949,0.5585532883454314,0.4079109525060156,0.4366104543550116,0.24508317965518361,58.850366295699274,0.37191660843192065,0.7289072774906113,2.218432666445218,0.4646865177910532,0.46274447226987675,delta
20260528-104617_bench_real_rest_60s,bench_real_rest_60s,0,24.064,0.6435520520651413,0.35,artifact_suspected,True,0.16074587028270826,0.27412154599851185,0.535470367631266,0.1227274055326301,0.5749744445257042,0.40245354510373793,0.4388483121337251,0.2481819244261041,60.348963971352745,0.23037205640622332,0.8127622817747657,3.7755325969092137,0.4309767107185849,0.5134178693565528,gamma
20260528-104617_bench_real_rest_60s,bench_real_rest_60s,0,24.32,0.6435634459559246,0.35,artifact_suspected,True,0.16370609926335955,0.2647799327609089,0.5393159974414418,0.12427208951967506,0.585733371304344,0.40108631987374793,0.44118990916941014,0.24941767161574008,62.48382531907028,0.30752823076817437,0.7648018424877561,3.0377053036895654,0.4388439846438986,0.49834383460860177,gamma
20260528-104617_bench_real_rest_60s,bench_real_rest_60s,0,24.576,0.6434561775982512,0.35,artifact_suspected,True,0.16619823750448864,0.2739289351664424,0.5387321119632328,0.12334509271829189,0.5884609047818412,0.4045966449005367,0.4436462526191243,0.24867607417463353,65.06758915400782,0.43451601399329925,0.6970992238780171,3.299482426031381,0.45629475911373585,0.4790415900757692,gamma
20260528-104617_bench_real_rest_60s,bench_real_rest_60s,0,24.832,0.909983356696874,1.0,clean,True,0.2307158557975148,0.28208436717820073,0.552852658089194,0.17134921851051674,0.5862736806858128,0.36883650645606036,0.4981062923524443,0.2870793748084134,55.40182606191959,0.44489857999909216,0.6920900981134404,2.380375509303751,0.46166452589356455,0.4692605416274288,gamma
20260528-104617_bench_real_rest_60s,bench_real_rest_60s,0,25.088,0.9455599835832036,1.0,clean,True,0.26178223822596636,0.2789664425528156,0.569304260421251,0.1994524922728234,0.5884518160002339,0.33751146361087303,0.5230920250471576,0.3095619938182587,45.03167517727195,0.36816314516010074,0.73090698542194,3.704848227710416,0.5295144870086961,0.4226939303695808,delta
20260528-104617_bench_real_rest_60s,bench_real_rest_60s,0,25.344,0.9875087838912515,1.0,clean,True,0.2743430776909461,0.3369115720408832,0.5420729461443666,0.21029358367381368,0.5675518382136285,0.3629684237667936,0.5295417538884049,0.31823486693905095,36.02408803718745,1.0850903785672135,0.47959551790846083,1.6575058589395577,0.4196775966127591,0.4784547074143505,gamma
20260528-104617_bench_real_rest_60s,bench_real_rest_60s,0,25.6,1.0,1.0,clean,True,0.28555584262227174,0.36829213430143337,0.5313031010211936,0.21829394199515081,0.5574914032323561,0.3724203332954752,0.5368454981151047,0.32463515359612066,38.517143656728585,0.8785125183050222,0.5323360851994157,3.024566878004009,0.4732398336602531,0.4636376708773571,gamma
20260528-104617_bench_real_rest_60s,bench_real_rest_60s,0,25.856,1.0,1.0,clean,True,0.28868273596868066,0.3408259329875297,0.561167000755149,0.2292011544378298,0.5724998260846533,0.3419263019041831,0.5364600689237868,0.33336092355026387,33.80784358303495,0.340212427195579,0.7461503711647299,5.004320995902785,0.49695482068372043,0.4729507406241564,gamma
20260528-104617_bench_real_rest_60s,bench_real_rest_60s,0,26.112,1.0,1.0,clean,True,0.28551245949910176,0.3372292674340649,0.5665031740033609,0.23132264673205824,0.5720342158820546,0.33154294392903,0.5329875711593763,0.3350581173856466,32.46892874490672,0.4833270183167786,0.6741601734774119,3.078519203109408,0.5611374990343919,0.3972401133246588,delta
20260528-104617_bench_real_rest_60s,bench_real_rest_60s,0,26.368,1.0,1.0,clean,True,0.28183915841555596,0.35411685009181104,0.5554872721163696,0.22923794174230278,0.5624952731159638,0.33871165402814224,0.5297226174056134,0.3333903533938422,32.426375395795255,0.6880320750743948,0.5924058048174599,2.646556105068336,0.567679229745499,0.3805058255087852,delta
20260528-104617_bench_real_rest_60s,bench_real_rest_60s,0,26.624,1.0,1.0,clean,True,0.281019939946706,0.3648721462926689,0.5510235980076135,0.23113595398297315,0.5594455621905945,0.343144964222144,0.5274301562714856,0.3349087631863785,31.676001877491483,0.6637013526578899,0.6010694157311505,2.4238528947052673,0.508539148193428,0.4327723468467267,delta
20260528-104617_bench_real_rest_60s,bench_real_rest_60s,0,26.88,1.0,1.0,clean,True,0.28037185283103605,0.37700711219184935,0.5454043574858448,0.2340892751161499,0.555479046432552,0.3507331350010171,0.5246417549769747,0.33727142009292,30.27979000035038,0.7106722979700041,0.5845654957884054,2.1620786758554433,0.4670073899282142,0.4597728129111868,gamma
20260528-104617_bench_real_rest_60s,bench_real_rest_60s,0,27.136,1.0,1.0,clean,True,0.27975585589692203,0.4096223390529362,0.5192592687557663,0.23346026287232458,0.5376078243561009,0.3733513588209236,0.5239380593845888,0.3367682102978597,31.65827216229628,1.0529829351439306,0.487096109216246,1.2408063909227915,0.468053580986615,0.4050700013160501,delta
20260528-104617_bench_real_rest_60s,bench_real_rest_60s,0,27.392,0.9704196210606515,1.0,clean,True,0.2818449447490541,0.4434193225582175,0.4890931358181231,0.23428784753428747,0.5197885856057831,0.39652542196564494,0.5265223795539844,0.33743027802743,33.74213310518155,1.2244125451998216,0.44955689633876106,0.8817983242733809,0.4370461497823791,0.37725837580810095,delta
20260528-104617_bench_real_rest_60s,bench_real_rest_60s,0,27.648,0.9525060008823053,1.0,clean,True,0.30598367458150544,0.3882719543290292,0.5289661871656843,0.2623965900952893,0.5417445063701329,0.3508837749780377,0.5457126570946785,0.3599172720762315,43.01974723623417,0.27167995208472745,0.7863613783936468,3.0982108795728958,0.41421912848429593,0.5165744329811581,gamma
20260528-104617_bench_real_rest_60s,bench_real_rest_60s,0,27.904,0.9521299708457595,1.0,clean,True,0.3246325667627787,0.3685664828447873,0.5430135598814838,0.2836536421530658,0.5518876658112625,0.3312141825318511,0.5596496134596997,0.3769229137224527,42.18762850590983,0.4412665639122291,0.6938341768527617,1.3149125994655821,0.33941141953557896,0.540539894599821,beta
20260528-104617_bench_real_rest_60s,bench_real_rest_60s,0,28.16,0.952009754028134,1.0,clean,True,0.3362512665492101,0.33868273705610485,0.5643068059966606,0.29983797659487565,0.5617753319045959,0.30699207541570295,0.5680847490294906,0.3898703812759005,41.01866280813165,0.3228403439442911,0.7559491246052469,2.24767878615932,0.38496107672182145,0.5281703266108947,beta
20260528-104617_bench_real_rest_60s,bench_real_rest_60s,0,28.416,0.9523645796548604,1.0,clean,True,0.34537490059597653,0.31784912548979016,0.5790779118310133,0.31172085753295675,0.5684416074922732,0.2897730814237456,0.574928215093821,0.3993766860263654,41.67267814912988,0.3366768472478384,0.7481239778007265,2.2102064587321197,0.385475355876379,0.5249866836930717,beta
20260528-104617_bench_real_rest_60s,bench_real_rest_60s,0,28.672,0.9526420407926247,1.0,clean,True,0.35295127164283197,0.31200683237156224,0.58261758658684,0.3208495360093435,0.5724800037114126,0.2824790593384903,0.5804739688806246,0.40667962880747477,41.9078442550976,0.4154406635643372,0.7064937625002613,1.343992974259112,0.3543302168485739,0.5312478897621246,beta
20260528-104617_bench_real_rest_60s,bench_real_rest_60s,0,28.928,0.9546540288680107,1.0,clean,True,0.35879490832306427,0.2936764337072517,0.5945763293063188,0.3296363758795917,0.5769896810255274,0.26765338007603495,0.5849519091959564,0.4137091007036734,42.270567764988996,0.30826723192708416,0.7643698287270541,2.160916178477517,0.3898626538813556,0.5221379345533157,beta
20260528-104617_bench_real_rest_60s,bench_real_rest_60s,0,29.184,0.9547870153524618,1.0,clean,True,0.3558333110306775,0.30373374168760336,0.5836184712746527,0.3260070337941918,0.5675670565753566,0.2755752322991281,0.5837507253035893,0.4108056270353534,40.73637018460672,0.5050763598347624,0.66441811637189,1.6491823659263143,0.43081141804331613,0.446107690675828,beta
20260528-104617_bench_real_rest_60s,bench_real_rest_60s,0,29.44,0.9615026525385569,1.0,clean,True,0.34546741444822915,0.36213567039554606,0.5382440839193773,0.309072758777683,0.5428581455755461,0.317733276344292,0.5769569852672141,0.3972582070221463,38.293633523505264,1.2078716029101983,0.45292488869340913,0.546300332789882,0.3898503024062766,0.3964127758347158,delta
20260528-104617_bench_real_rest_60s,bench_real_rest_60s,0,29.696,0.9623335530455697,1.0,clean,True,0.35282211886168874,0.32961173131670124,0.56316156172505,0.3238886316632277,0.556442462247387,0.2928485475111045,0.5805065967695668,0.40911090533058214,40.43182984767599,0.2930241795972744,0.773380742430492,1.8216018876081044,0.3490077609433403,0.5596948562575036,beta
20260528-104617_bench_real_rest_60s,bench_real_rest_60s,0,29.952,0.9620555434443463,1.0,clean,True,0.36695022690578827,0.30823605427279166,0.5826042732982546,0.3302790451669831,0.5688848958472726,0.27203084198461663,0.5939550166927049,0.41422323613358647,51.34753547443104,0.3167361555254887,0.7594535896962157,2.402443677590875,0.4052127848999001,0.5234756575339407,gamma
20260528-104617_bench_real_rest_60s,bench_real_rest_60s,0,30.208,0.9417428647680949,1.0,clean,True,0.38565264434996327,0.33813386716905175,0.5688032659963218,0.32559235229104366,0.5684880314528042,0.2898801911846997,0.6134986631567367,0.41047388183283495,61.63474453897908,0.763078482122688,0.5671897253214486,1.5698275275184905,0.38731133117608213,0.5201289282119761,gamma
20260528-104617_bench_real_rest_60s,bench_real_rest_60s,0,30.464,0.9411947079214705,1.0,clean,True,0.3988837210944098,0.37733255935360965,0.5470655388236794,0.31655486994552884,0.5621854439507188,0.31664418482145174,0.6284610269833693,0.40324389595642307,63.85316438254159,1.0058641489521158,0.49853824872254054,2.046039857953211,0.418303026655295,0.4992596158450301,gamma
20260528-104617_bench_real_rest_60s,bench_real_rest_60s,0,30.72,0.9412010985421618,1.0,clean,True,0.40856577830573815,0.41496561841009,0.5253267454818104,0.3092405651238658,0.5542248879115412,0.3411976339677766,0.6390588046443965,0.3973924520990926,64.09991897225738,1.1465536865856607,0.4658630279054432,1.2852378922465686,0.3934640991890849,0.5113654841115896,gamma
20260528-104617_bench_real_rest_60s,bench_real_rest_60s,0,30.976,0.9440686211076612,1.0,clean,True,0.4145904424907738,0.43493280218110586,0.5154005749753332,0.3031663832807113,0.5463833852521335,0.35258003043234076,0.6461132268761449,0.39253310662456903,64.62654709153202,0.9926757904464629,0.5018377825371743,1.3725236569162362,0.4233624211313339,0.5037663500881665,gamma
20260528-104617_bench_real_rest_60s,bench_real_rest_60s,0,31.232,0.9384319303427029,1.0,clean,True,0.41217715616092654,0.43316195820319364,0.5195444904753184,0.29762200653048687,0.5473329619685401,0.3479188462528768,0.6448407678862056,0.3880976052243895,60.075900517026504,0.7468905345288109,0.5724457143859802,1.470292705338818,0.45418342159847613,0.4891715514879143,gamma
20260528-104617_bench_real_rest_60s,bench_real_rest_60s,0,31.488,0.9675225315090282,1.0,clean,True,0.39945684198252135,0.3999635929876208,0.5444199807021084,0.2925108460749951,0.5602249975821739,0.32015950751714317,0.6337217662946836,0.3840086768599961,52.28006300900635,0.4181086965005343,0.7051645635198197,2.148960210309417,0.5056310032160074,0.4598457656670099,delta
20260528-104617_bench_real_rest_60s,bench_real_rest_60s,0,31.744,1.0,1.0,clean,True,0.3782193073285809,0.4012362214898911,0.53977757639904,0.27899862527062,0.5544261835929236,0.32088247896887195,0.6159940303698495,0.37319890021649604,45.92520024893993,0.681424562985165,0.5947337882445883,1.5175218348976063,0.563866398226348,0.3874901270464061,delta
20260528-104617_bench_real_rest_60s,bench_real_rest_60s,0,32.0,1.0,1.0,clean,True,0.36400470561091197,0.3989777110924173,0.5397474943013234,0.2709989522895166,0.5525495177159075,0.31873076375232406,0.6035964508119059,0.36679916183161326,46.56811529778788,0.6442656342565275,0.6081742384918258,1.476098481514979,0.5370015777819422,0.41248730113212073,delta
20260528-104617_bench_real_rest_60s,bench_real_rest_60s,0,32.256,1.0,1.0,clean,True,0.3541928172421311,0.3713498026948907,0.5595416956825384,0.26893454694791685,0.5631668832762555,0.2974119133441842,0.5946065818037236,0.36514763755833346,46.77539226815534,0.3963777911880847,0.7161385738890409,2.042014064046682,0.538104830230722,0.4274294086359706,delta
20260528-104617_bench_real_rest_60s,bench_real_rest_60s,0,32.512,0.9867012852938207,1.0,clean,True,0.34684653762561596,0.35002841390066447,0.5743977702042622,0.2659721260746487,0.5709513090505834,0.2805060973997476,0.588623095255934,0.362777700859719,48.3121560322693,0.3937489742610985,0.7174893172714975,2.6407187392888565,0.562036630090466,0.4083948704280128,delta
20260528-104617_bench_real_rest_60s,bench_real_rest_60s,0,32.768,0.9693223444306587,1.0,clean,True,0.3380806241729312,0.33658948933019717,0.5818187416164702,0.2606952066211596,0.5738274266887728,0.2702314781932934,0.5821087438047767,0.35855616529692774,47.54996278767591,0.41649659413214757,0.7059671051325784,2.8852792024614398,0.6002033967019171,0.37144478102817874,delta
20260528-104617_bench_real_rest_60s,bench_real_rest_60s,0,33.024,1.0,1.0,clean,True,0.32818864170153034,0.31499520074812304,0.5946013158430391,0.2574002388376369,0.579436615528688,0.2555173007349307,0.574052066840153,0.3559201910701096,44.86830918517238,0.32733957557435756,0.753386713085868,3.4231132399546866,0.6116585946346246,0.3616618738365944,delta
20260528-104617_bench_real_rest_60s,bench_real_rest_60s,0,33.28,1.0,1.0,clean,True,0.32071676030607427,0.3057796119882267,0.6016918803943181,0.2558565406937329,0.5881155842870172,0.25061839042164125,0.5664322571216422,0.3546852325549864,42.93341645788161,0.38235517611119485,0.7234030857427599,2.831109459093751,0.5584895045656137,0.4096635655662763,delta
20260528-104617_bench_real_rest_60s,bench_real_rest_60s,0,33.536,0.9651531619424313,1.0,clean,True,0.31843959175691106,0.3032044459999864,0.6070915225096629,0.2560033628877433,0.5911696621083784,0.24953146608303553,0.5627920114510353,0.3548026903101947,44.55084730860988,0.4185398264036398,0.7049502462863507,3.065224840038863,0.5155975622198795,0.45416231059930695,delta
20260528-104617_bench_real_rest_60s,bench_real_rest_60s,0,33.792,0.9066819297030381,1.0,clean,True,0.3228150508802926,0.30129824378755343,0.6143881691198909,0.2597155911730106,0.5966989570367821,0.2472688898689513,0.5645535958639403,0.35777247293840847,48.02298483607598,0.41896692146476217,0.7047380632085276,3.3054698287279924,0.46380090014159364,0.5065440471954062,gamma
20260528-104617_bench_real_rest_60s,bench_real_rest_60s,0,34.048,0.9427794690855414,1.0,clean,True,0.321594007119843,0.3070460987943894,0.6143627516346652,0.2614948721528057,0.6023706788119263,0.25264085895875366,0.5608564969318119,0.3591958977222446,43.28248062169394,0.4820251973394641,0.6747523603425145,2.042953500905048,0.44390798456210934,0.5160149867285104,gamma
20260528-104617_bench_real_rest_60s,bench_real_rest_60s,0,34.304,0.9916263330980241,1.0,clean,True,0.31223018981165745,0.3352664687576772,0.5959075420293595,0.25711477519001524,0.5960110645833832,0.27828759094109445,0.5499069270646837,0.35569182015201223,36.276105940610414,0.738015002882761,0.5753690263514571,1.5183218550390878,0.4358089413094166,0.5045584503886953,gamma
20260528-104617_bench_real_rest_60s,bench_real_rest_60s,0,34.56,0.8784816098246137,1.0,clean,True,0.3057820809653964,0.31545072814073144,0.6147753621596717,0.2606322082672261,0.6116925706633763,0.2671250736714792,0.5406293055530752,0.358505766613781,34.3588984333406,0.3381522566511236,0.7472991171383832,2.2804504475205403,0.4169046419006826,0.55102790097039,gamma
20260528-104617_bench_real_rest_60s,bench_real_rest_60s,0,34.816,0.7294616439878023,0.75,usable_with_caution,True,0.2811106704404954,0.3099962505332669,0.6152285003909943,0.2452626958669044,0.6164473054211062,0.28105815978029364,0.5176659867300472,0.3462101566935236,30.345446685320958,0.41387468219410206,0.7072762618814777,1.6312653199737566,0.3871762863993443,0.5799076622536901,gamma
20260528-104617_bench_real_rest_60s,bench_real_rest_60s,0,35.072,0.8370444481730623,0.75,usable_with_caution,True,0.26320052735357946,0.32169282568041857,0.6031510984638362,0.23255176044266865,0.6085561993772522,0.300121241343116,0.5021975006212047,0.336041408354135,32.89246477133671,0.5594103702406921,0.6412680196806457,1.2527719739740402,0.41862265844732127,0.524333178227188,gamma
20260528-104617_bench_real_rest_60s,bench_real_rest_60s,0,35.328,0.8607107707431872,1.0,clean,True,0.26478873747726883,0.34044071749299215,0.5910404945882989,0.23469736463778706,0.5980024188859351,0.31037049115028886,0.5024791656447857,0.33775789171022974,33.41823706504806,0.666136395346755,0.6001909584267987,1.154323784746527,0.44815859270013914,0.4952071425290172,gamma
20260528-104617_bench_real_rest_60s,bench_real_rest_60s,0,35.584,0.8589814719324181,1.0,clean,True,0.26656276665648937,0.357244657439294,0.581630649919472,0.2365099847499509,0.5896271684024826,0.32000485942674073,0.5026357502805718,0.33920798779996075,33.097723901257574,0.6962294984272092,0.5895428660565863,1.0796493971530021,0.4279144809998756,0.5173375630054623,gamma
20260528-104617_bench_real_rest_60s,bench_real_rest_60s,0,35.84,0.8329583592160441,0.75,usable_with_caution,True,0.25060067341629577,0.38111922085893235,0.5678881346166353,0.22260319628947206,0.585307561161396,0.3431718630449939,0.48855372860493174,0.3280825570315777,30.242232725692126,0.8406782701476871,0.5432779949705198,0.8120966376529108,0.38024128024847276,0.565126333492715,gamma
20260528-104617_bench_real_rest_60s,bench_real_rest_60s,0,36.096,0.7880938897171432,0.75,usable_with_caution,True,0.23787168879865844,0.368108968537939,0.5757126269890328,0.2158767118387092,0.5939857413812962,0.3439715462213058,0.4763132290900419,0.3227013694709674,27.46535198324313,0.48568505939940565,0.6730901638036406,0.8539954091895586,0.36185191334340666,0.5984380485867332,gamma
20260528-104617_bench_real_rest_60s,bench_real_rest_60s,0,36.352,0.8033374564648391,0.75,usable_with_caution,True,0.22775599001732755,0.36971220145029654,0.5741878302725104,0.20925985110298295,0.5940665845252091,0.35106113423256247,0.4670795973438259,0.31740788088238636,27.70258528565959,0.5994602926435095,0.6252108943196407,0.7651350468611137,0.37408671001337407,0.576579924755481,gamma
20260528-104617_bench_real_rest_60s,bench_real_rest_60s,0,36.608,0.7496441236114033,0.75,usable_with_caution,True,0.2179201561275359,0.37025674360562827,0.5710915110956963,0.20215525181711577,0.5943934000851336,0.3560889614867957,0.45918765562606134,0.3117242014536926,27.377858466955807,0.5923088352153965,0.628018872894643,0.7194463061038789,0.4297239353026903,0.5228591289657697,gamma
20260528-104617_bench_real_rest_60s,bench_real_rest_60s,0,36.864,0.7618044992945329,0.75,usable_with_caution,True,0.21137242387496685,0.3822691727508437,0.5609220693659321,0.19592522552821753,0.5858691923609921,0.36606854991245874,0.4546378437121405,0.306740180422574,29.113822175854864,0.7250555764706351,0.5796914682825217,0.7057230478488968,0.43853605824402764,0.49952256286563157,gamma
20260528-104617_bench_real_rest_60s,bench_real_rest_60s,0,37.12,0.8836276024968961,1.0,clean,True,0.21877525882736926,0.37994048927168866,0.5601001973176495,0.20309118732866843,0.5802576675446861,0.35721090162124697,0.4617084999757612,0.3124729498629347,29.442050950043885,0.5937939573910044,0.6274336750714045,1.1669423013660412,0.520115492539038,0.4306330564301645,delta
20260528-104617_bench_real_rest_60s,bench_real_rest_60s,0,37.376,0.9756759987591354,1.0,clean,True,0.22001344321165078,0.38580430855101083,0.5494123531238666,0.2041063707736261,0.5694401118472663,0.3572185722290029,0.46489493396608306,0.31328509661890086,28.452722341270835,0.6789032680858517,0.5956269303907107,1.2707209349760649,0.5836019635518159,0.3593778852954589,delta
20260528-104617_bench_real_rest_60s,bench_real_rest_60s,0,37.632,0.9926206282891121,1.0,clean,True,0.22110946321098215,0.3888166394768633,0.5425864115261907,0.2051113795855912,0.5599467447685673,0.35622760281276156,0.4673919420373947,0.314089103668473,28.361997545338212,0.6621116149138089,0.6016443125840436,1.336031141819164,0.5826746895347219,0.36220302983863584,delta
20260528-104617_bench_real_rest_60s,bench_real_rest_60s,0,37.888,0.9850735975181726,1.0,clean,True,0.22382692388736714,0.38536680690802155,0.5433315733433568,0.2077599746159216,0.5566378172526789,0.35089878558416854,0.4704105180243039,0.3162079796927373,28.859200327945462,0.5985736556713672,0.6255576628856317,1.4916790763805858,0.5636792497442152,0.38755760053964106,delta
20260528-104617_bench_real_rest_60s,bench_real_rest_60s,0,38.144,1.0,1.0,clean,True,0.22642739814951632,0.39199661822145926,0.5368135357834029,0.20876371289934523,0.5498141770193082,0.3538294443454593,0.47339907040813717,0.31701097031947617,29.420810601228926,0.7035514537129207,0.5870089792786216,1.4516682690071465,0.5605804665328702,0.38335429375267827,delta
20260528-104617_bench_real_rest_60s,bench_real_rest_60s,0,38.4,1.0,1.0,clean,True,0.22888263311468143,0.39220245849139224,0.5359920693511457,0.21018696557579755,0.547310607656806,0.3524940112221674,0.47599062465560027,0.318149572460638,29.543693865416135,0.6470510735191394,0.6071457139792942,1.6953398678760667,0.5606328457812535,0.3893798797803817,delta
20260528-104617_bench_real_rest_60s,bench_real_rest_60s,0,38.656,0.9556047015655581,1.0,clean,True,0.23257252165022352,0.37856475725735683,0.5469176157520842,0.21468432922736957,0.5528195138790012,0.34113407830984355,0.478842971371802,0.32174746338189564,29.625352673332667,0.5046162454374905,0.6646212966425854,2.0059777742221105,0.5401935973439761,0.41700886880234445,delta
20260528-104617_bench_real_rest_60s,bench_real_rest_60s,0,38.912,0.9317771825286285,1.0,clean,True,0.23707547237513638,0.37303030647869756,0.552679209932615,0.22081545184051815,0.5562186069170918,0.33730497162162426,0.48130890128818604,0.3266523614724145,28.822838013505947,0.5516013236398752,0.6444954543142262,1.8722211005179623,0.48755831217190104,0.45476782344761035,delta
20260528-104617_bench_real_rest_60s,bench_real_rest_60s,0,39.168,1.0,1.0,clean,True,0.23756594016866026,0.37902502549366435,0.5450387852063291,0.22243615619563598,0.5501480365502651,0.34382029292799043,0.4819973049232517,0.3279489249565088,28.30686231153458,0.6611524775966706,0.6019916976204597,1.9451764141188426,0.5283357911189716,0.394345972139067,delta
20260528-104617_bench_real_rest_60s,bench_real_rest_60s,0,39.424,0.9740394664278379,1.0,clean,True,0.250548924430536,0.3517700819170273,0.5621023588070118,0.2392168401072455,0.5594715899471518,0.32385864955381405,0.49220536609473875,0.34137347208579644,33.539606729752215,0.3614013644916434,0.7345372394053268,2.6337642262216,0.46608217283320297,0.46145140160968956,delta
20260528-104617_bench_real_rest_60s,bench_real_rest_60s,0,39.68,0.9459572769920476,1.0,clean,True,0.2698451223047768,0.3573291685211738,0.5536683424569623,0.25463376285757033,0.5539522655961548,0.3260882393925756,0.5091348267442054,0.35370701028605633,40.51863933083151,0.5998283519041558,0.6250670572296433,1.5948678136005243,0.39960039898919936,0.46251490812294516,gamma
20260528-104617_bench_real_rest_60s,bench_real_rest_60s,0,39.936,0.9206873483919825,1.0,clean,True,0.2954699200757618,0.3612272586444653,0.5477206680811137,0.26992807332353563,0.5510369666681186,0.3248489998514196,0.5330604414139155,0.3659424586588286,49.99126631056328,0.5963506420603185,0.626428789295694,1.999460890914802,0.40022388852936813,0.463976619769475,theta
20260528-104617_bench_real_rest_60s,bench_real_rest_60s,0,40.192,0.6479636372961235,0.35,artifact_suspected,True,0.2626466166611208,0.3533466282476646,0.5424406386346499,0.23380692300818212,0.5577980271392791,0.3486984224531098,0.5095672672025383,0.3370455384065457,65.76054331880637,0.48896224543125977,0.6716087013388077,2.5648644438518513,0.426463188710855,0.4768538729008771,gamma
20260528-104617_bench_real_rest_60s,bench_real_rest_60s,0,40.448,0.6272108300353549,0.35,artifact_suspected,True,0.24225055671183202,0.36378989321994315,0.5351079869876902,0.20743109125943016,0.5586860545862741,0.37025881782885894,0.4959502187783381,0.31594487300754415,75.47158836040855,0.6579904916791577,0.6031397676979473,1.4495515569958193,0.36372011842107504,0.5133178174144236,gamma
20260528-104617_bench_real_rest_60s,bench_real_rest_60s,0,40.704,0.608373858767771,0.35,artifact_suspected,True,0.2339673129918029,0.36144623275529275,0.5329424573917239,0.19116256262978287,0.5632661320545407,0.38358229954619333,0.4922629384550825,0.30293005010382634,110.53801648863731,0.5480466654165722,0.6459753587129381,1.3342063202755976,0.32358236517398453,0.5644644115683354,gamma
20260528-104617_bench_real_rest_60s,bench_real_rest_60s,0,40.96,0.6029835179236681,0.35,artifact_suspected,True,0.23135752489426945,0.3025706790079356,0.5457460749059589,0.1868341234141823,0.593343414521557,0.3791568314862539,0.4913678862849148,0.29946729873134587,127.67449085037498,0.13138992472646516,0.8838685745227945,4.067093361356689,0.2759223792218653,0.6788441930777872,beta
20260528-104617_bench_real_rest_60s,bench_real_rest_60s,0,41.216,0.6030072812340344,0.35,artifact_suspected,True,0.2293508545910924,0.25622661994694246,0.5562929120040118,0.18338272342494888,0.6186644066162197,0.37530500798742844,0.4906284575303021,0.29670617873995914,131.30081927942206,0.12292734230015291,0.8905295670768593,4.364797877502203,0.2729584723579567,0.6861447306541528,gamma
20260528-104617_bench_real_rest_60s,bench_real_rest_60s,0,41.472,0.6026538659449228,0.35,artifact_suspected,True,0.22832349379841416,0.223393880240783,0.5635584648210464,0.18151439447635845,0.6367870878294416,0.3728921233064355,0.4903301057277882,0.2952115155810868,132.07633615730856,0.13561972522529808,0.8805764621595606,3.5424460774549726,0.25156733577676016,0.7005634373588795,beta
20260528-104617_bench_real_rest_60s,bench_real_rest_60s,0,41.728,0.6025604000389323,0.35,artifact_suspected,True,0.22670793496315345,0.19944402518111776,0.5688802324258745,0.17871867486578422,0.6502896550119871,0.37157718320991817,0.4896783869916115,0.2929749398926274,130.59448394114415,0.14103516072343994,0.8763971825051078,4.169597868444109,0.28100573326325684,0.6734607372378618,gamma
20260528-104617_bench_real_rest_60s,bench_real_rest_60s,0,41.984,0.6024579887856171,0.35,artifact_suspected,True,0.22636021908808673,0.17886951087412162,0.5731058971605556,0.17826191459631535,0.6603573083179543,0.36972760218577544,0.4896761382799256,0.2926095316770523,133.69886599342428,0.1283076253583824,0.8862831177622702,3.670520455918374,0.25881022197148457,0.6943822780547946,beta
20260528-104617_bench_real_rest_60s,bench_real_rest_60s,0,42.24,0.6023996519029253,0.35,artifact_suspected,True,0.22647922365807027,0.15693816980144443,0.5782435458523382,0.17861221341619238,0.6664371382167885,0.3666972500836557,0.48983320972863004,0.2928897707329539,138.5639447270753,0.09587710799742134,0.9125110769262363,4.89987580177409,0.2514817423719882,0.7130060152891894,beta
20260528-104617_bench_real_rest_60s,bench_real_rest_60s,0,42.496,0.6023290853349962,0.35,artifact_suspected,True,0.22669399283294983,0.1413621776274026,0.581719452136302,0.17910055650339404,0.675346921382248,0.3647194687752684,0.49003179913530925,0.29328044520271523,137.26258325039532,0.10136792390836624,0.9079617975879976,4.61535366269147,0.24729863570034305,0.7143347373165009,beta
20260528-104617_bench_real_rest_60s,bench_real_rest_60s,0,42.752,0.602403106640039,0.35,artifact_suspected,True,0.22739637555540598,0.12698687388207383,0.584730572353727,0.18054338302807668,0.676921084660949,0.3624832265380399,0.4904879072014981,0.29443470642246133,140.7438808678275,0.08869023572061868,0.9185349213091987,4.782873671542024,0.2374704423834482,0.7266188508489424,beta
20260528-104617_bench_real_rest_60s,bench_real_rest_60s,0,43.008,0.6090487959725892,0.35,artifact_suspected,True,0.22704283124674585,0.11619255619055924,0.5871733581149352,0.18015467150180065,0.6846993730315551,0.3611052674130463,0.49036822785104034,0.29412373720144047,134.44508669746122,0.08933713800589899,0.9179894498300865,5.892373188915839,0.2666947617732117,0.7002877039701217,beta
20260528-104617_bench_real_rest_60s,bench_real_rest_60s,0,43.264,0.6274217056284561,0.35,artifact_suspected,True,0.22189115578989782,0.1633505660158293,0.5754912530815756,0.16979401594809818,0.6667070933517653,0.374702594255546,0.48771652204394306,0.2858352127584785,93.08770270488597,0.4549354064326974,0.6873157362002539,2.534435015474561,0.3652433456302028,0.5544819647121177,gamma
20260528-104617_bench_real_rest_60s,bench_real_rest_60s,0,43.52,0.6457223804333145,0.35,artifact_suspected,True,0.212640042714322,0.2307284182693699,0.5577056183933207,0.1582806571533879,0.6330789460706394,0.39306915904344536,0.4808125832483488,0.2766245257227103,79.3970855286406,0.7988575648672279,0.5559083829243798,1.396432958616262,0.3553237466399438,0.5129679127501832,gamma
20260528-104617_bench_real_rest_60s,bench_real_rest_60s,0,43.776,0.9184439592668764,1.0,clean,True,0.2723374258494271,0.2645291487822734,0.5595795785416287,0.2032686786364992,0.6228702101340408,0.37171290639263843,0.5296100863955291,0.31261494290919933,65.60138721573514,0.5912539474118659,0.6284352045900791,1.574417022192564,0.33366339435405,0.5587362427375364,gamma
20260528-104617_bench_real_rest_60s,bench_real_rest_60s,0,44.032,0.9429186716227173,1.0,clean,True,0.2987438435263101,0.28527963038728527,0.5630511534887072,0.22664394296624124,0.6095758190659768,0.35343002887778213,0.5500924326749876,0.33131515437299297,53.96106993180027,0.5408070944157086,0.64901051119229,2.793180904763708,0.43126376533428423,0.4916624978774383,gamma
20260528-104617_bench_real_rest_60s,bench_real_rest_60s,0,44.288,0.8840262102249303,1.0,clean,True,0.30601357650723965,0.27156099914083365,0.5893267227906923,0.23985648738893986,0.6148727245083095,0.3175097800965464,0.5535838228607574,0.34188518991115185,44.95400100297291,0.2955359289940872,0.7718813331321467,4.916311428101934,0.4912806313228046,0.47809840712432583,gamma
20260528-104617_bench_real_rest_60s,bench_real_rest_60s,0,44.544,0.8527454797573357,1.0,clean,True,0.30999323608070567,0.2695779459985807,0.6051841464587997,0.24693981528807254,0.61731929562475,0.295051403638675,0.5546493288591314,0.347551852230458,44.19818547935561,0.35740146894385494,0.7367017222756345,3.6057267800809307,0.48418823147230405,0.4883445844234596,gamma
20260528-104617_bench_real_rest_60s,bench_real_rest_60s,0,44.8,0.8914346459442781,1.0,clean,True,0.30872937580771387,0.26253638289247405,0.6222214948480786,0.2521156364667988,0.625554910716993,0.27504362053972625,0.5505893456038958,0.35169250917343897,39.81953933954469,0.31620182538586417,0.7597619002672464,2.9747260243023423,0.4706145667756777,0.5044057779057791,gamma
20260528-104617_bench_real_rest_60s,bench_real_rest_60s,0,45.056,0.9022470171847631,1.0,clean,True,0.30282185757459934,0.2611737192517297,0.6320695036665575,0.25348427058240813,0.6265543473223286,0.26495425332910333,0.5427488303344057,0.35278741646592643,35.912854130353374,0.34563896433681063,0.7431413822673303,3.1514600340529717,0.47604115775950784,0.4981796048236284,gamma
20260528-104617_bench_real_rest_60s,bench_real_rest_60s,0,45.312,0.9128356070900244,1.0,clean,True,0.2983336088573518,0.2599885210746451,0.6403528638013787,0.25484210908554605,0.6277628356863693,0.25727764863909725,0.5364547585915229,0.3538736872684368,35.44911834029141,0.3445114103075055,0.7437646064760679,3.058258323298018,0.4655078336355602,0.5090090519826423,gamma
20260528-104617_bench_real_rest_60s,bench_real_rest_60s,0,45.568,0.9278314619106985,1.0,clean,True,0.29427846982638406,0.2681463642927595,0.6399603551120236,0.2547947903633966,0.625016087346758,0.258661859697738,0.5309702495004535,0.35383583229071724,34.78458319281874,0.4163895366295846,0.7060204655069807,2.6307242275970535,0.45863147101411406,0.5106299460193432,gamma
20260528-104617_bench_real_rest_60s,bench_real_rest_60s,0,45.824,0.92659459799774,1.0,clean,True,0.2925731507542221,0.26661612085718067,0.6464123985281114,0.25638757599650197,0.6273598473442892,0.25353897790824026,0.527735955873999,0.35511006079720153,35.355926099891036,0.3545920296937286,0.738229650012005,3.023728362614848,0.4487640767417438,0.5254386134001666,gamma
20260528-104617_bench_real_rest_60s,bench_real_rest_60s,0,46.08,0.9424896178639264,1.0,clean,True,0.2918272622960354,0.2654586963738429,0.6508712544555437,0.25774600451868335,0.6286980760319103,0.24940679639747237,0.525984572598303,0.35619680361494666,35.970255296263076,0.3546345440324012,0.7382064811468411,2.999950465669558,0.4534976328921183,0.5200198711619165,gamma
20260528-104617_bench_real_rest_60s,bench_real_rest_60s,0,46.336,0.9291137054959177,1.0,clean,True,0.29625270436768736,0.25600476993665705,0.6618082570153508,0.26206261580457846,0.6343860319947623,0.23797471516259044,0.5290414517994426,0.35965009264366277,39.42746867055806,0.29210207399361976,0.7739326637709519,3.3145170802749826,0.4374709433771249,0.5402481642251508,gamma
20260528-104617_bench_real_rest_60s,bench_real_rest_60s,0,46.592,0.9255271222653956,1.0,clean,True,0.3029623557667824,0.26074835776052085,0.662913345114851,0.26716104514527467,0.6350804162552928,0.23753236383611548,0.5334288070860231,0.36372883611621976,40.509786604129886,0.3807762896939454,0.7242302807887812,2.112046586212058,0.38887133996455825,0.5785414102743156,gamma
20260528-104617_bench_real_rest_60s,bench_real_rest_60s,0,46.848,0.9082012090014602,1.0,clean,True,0.3124925068253237,0.2750071275030036,0.6585486133896866,0.27413966076607044,0.6369555747146997,0.24439767178072302,0.5392718594921186,0.3693117286128564,41.667102791102515,0.4709341175703368,0.6798401016388056,1.3622873268691864,0.3176631573477301,0.6365702106189607,gamma
20260528-104617_bench_real_rest_60s,bench_real_rest_60s,0,47.104,0.9550718614008157,1.0,clean,True,0.31850019258745554,0.2864972101199418,0.6538125524310463,0.27986866280841693,0.6371578555800659,0.25106214976986385,0.5423778592213738,0.3738949302467336,40.329480653337896,0.47684849124050643,0.677117528253633,1.34767048884563,0.312720420930069,0.6345296046582332,gamma
20260528-104617_bench_real_rest_60s,bench_real_rest_60s,0,47.36,1.0,1.0,clean,True,0.31565592708138723,0.3033277630874428,0.6412339485134413,0.27811568338296705,0.6274058862989347,0.26468422202883396,0.5393101143414876,0.37249254670637366,36.80667409474591,0.5543023040182028,0.6433754858422613,1.7080604810090139,0.37167210198918754,0.5738187167352798,gamma
20260528-104617_bench_real_rest_60s,bench_real_rest_60s,0,47.616,1.0,1.0,clean,True,0.31063174851967,0.31703354826070246,0.6315783703015956,0.2765747519560639,0.6204780046319339,0.2772945940795866,0.5335565981242051,0.37125980156485117,33.48410331363621,0.5635632261981136,0.6395647986844543,1.587326038623348,0.353074914036533,0.5886751561454255,gamma
20260528-104617_bench_real_rest_60s,bench_real_rest_60s,0,47.872,1.0,1.0,clean,True,0.30643492540838707,0.3247218344189301,0.6261743478106756,0.2754825994094527,0.6160235135973067,0.2848194891224439,0.5288637591264278,0.37038607952756214,33.166011514817676,0.5362589541820308,0.6509319260737131,1.5863485407153404,0.35788035276177,0.5867333699848958,gamma
20260528-104617_bench_real_rest_60s,bench_real_rest_60s,0,48.128,1.0,1.0,clean,True,0.302282228366737,0.30048033901416815,0.6438121536661117,0.2783105814102851,0.6253575854940454,0.26805504261762325,0.5241754177816714,0.372648465128228,31.827722469284563,0.28818768558955593,0.7762843964275993,2.145977708439931,0.3797150214556171,0.5866208483367377,gamma
20260528-104617_bench_real_rest_60s,bench_real_rest_60s,0,48.384,1.0,1.0,clean,True,0.2957181067873161,0.27754381320913674,0.6594873652900075,0.27904632124933815,0.6333680625201248,0.2530031413819059,0.5178111961889185,0.3732370569994705,29.637814348834926,0.25772159542664325,0.7950885184999134,2.4476770263995355,0.4034718210288543,0.5667562634537712,gamma
20260528-104617_bench_real_rest_60s,bench_real_rest_60s,0,48.64,1.0,1.0,clean,True,0.2887211413854672,0.26418304314882335,0.6664702049835973,0.27780857545365933,0.6357470007848055,0.24570422126433472,0.511820724168671,0.3722468603629275,28.88298854387456,0.28513880819954324,0.7781260620355869,2.7592219320748077,0.4281204721533107,0.538170754895023,gamma
20260528-104617_bench_real_rest_60s,bench_real_rest_60s,0,48.896,1.0,1.0,clean,True,0.2831529135057499,0.2528891809933002,0.6707849825652582,0.27694310479434464,0.6362209102075561,0.2394601056136581,0.5075663527568506,0.37155448383547574,29.097300414456072,0.2773435899488421,0.7828747158264127,2.821324833773992,0.44717623888090535,0.5172903118611732,gamma
20260528-104617_bench_real_rest_60s,bench_real_rest_60s,0,49.152,1.0,1.0,clean,True,0.2809255381161527,0.24754714439452474,0.6712088127362877,0.2773888912913678,0.6350031549153657,0.23679047524410304,0.506177265145588,0.37191111303309426,30.305430011623823,0.29976591698862665,0.7693693048293394,2.5818683931720536,0.4390560272765389,0.5196961063018584,gamma
20260528-104617_bench_real_rest_60s,bench_real_rest_60s,0,49.408,1.0,1.0,clean,True,0.2822210252164782,0.2517066275757942,0.6665218559109067,0.2785067953326245,0.6315344224368216,0.23958964785371245,0.5075365923519795,0.37280543626609963,31.97878989633556,0.3603190234761103,0.7351216756781723,1.8506681495452653,0.4116135144184474,0.5388457075315689,gamma
20260528-104617_bench_real_rest_60s,bench_real_rest_60s,0,49.664,0.9886096378716703,1.0,clean,True,0.2846088533342167,0.2546756771984301,0.6643340487066829,0.2805976776595979,0.6302148184576529,0.24095626614885213,0.50929736433867,0.3744781421276784,32.190094984327914,0.3588390460117748,0.7359223323245737,1.5575308245525785,0.3900309758002085,0.5602928325283371,gamma
20260528-104617_bench_real_rest_60s,bench_real_rest_60s,0,49.92,1.0,1.0,clean,True,0.2875166812691786,0.2671050706363525,0.6547150201542455,0.2821833082888398,0.6243074990736317,0.24941330043058263,0.5115734811043461,0.3757466466310718,32.70417463917108,0.4418879154606172,0.6935351834721543,1.2115992974763565,0.3725577089922014,0.5627693918631745,gamma
20260528-104617_bench_real_rest_60s,bench_real_rest_60s,0,50.176,1.0,1.0,clean,True,0.28801749143186106,0.2788707497982835,0.645950176390094,0.28224603063852627,0.619059356322216,0.2589173125562634,0.5116278297738354,0.375796824510821,31.325245620302216,0.46226351280265615,0.6838712661841059,1.4834759861917424,0.3717521046854828,0.5627832165368756,gamma
20260528-104617_bench_real_rest_60s,bench_real_rest_60s,0,50.432,1.0,1.0,clean,True,0.28524122535712615,0.28348449567911793,0.6407633210981732,0.2835056069875649,0.6149416579694943,0.2649975933266048,0.508268099635057,0.376804485590052,27.86063916470648,0.42469359774679954,0.7019053090274029,1.5297298996696478,0.36856867255279313,0.5599499682318569,gamma
20260528-104617_bench_real_rest_60s,bench_real_rest_60s,0,50.688,1.0,1.0,clean,True,0.28306746937755495,0.28880915943650315,0.6359257820940648,0.2850588307789579,0.6117672280513129,0.27160567007050773,0.5051758240591266,0.3780470646231663,26.989095314535458,0.44023858462961524,0.6943294053277772,1.505343749705531,0.35054223090083253,0.5730345111446102,gamma
20260528-104617_bench_real_rest_60s,bench_real_rest_60s,0,50.944,0.0,0.0,bad,False,0.21513127672694177,0.3394949611717424,0.6033035943914893,0.216644711392008,0.5849430933189979,0.3264203092535859,0.4559336262849363,0.3233157691136064,63.02058523772487,0.18596803613460464,0.8431930452799475,2.023645176963368,0.40873837008792135,0.5688084049167494,gamma
20260528-104617_bench_real_rest_60s,bench_real_rest_60s,0,51.2,0.0,0.0,bad,False,0.16349977031247576,0.3780161704905242,0.5785107317375319,0.16464998065792608,0.5645567509224383,0.3680794350327253,0.4185095559765516,0.28171998452634084,36.41546503638789,0.2999606243188201,0.7692540691537855,0.9326144659002685,0.36127411960696665,0.5631256015867334,gamma
20260528-104617_bench_real_rest_60s,bench_real_rest_60s,0,51.456,0.0,0.0,bad,False,0.12425982543748158,0.4072922895727984,0.5596681561205242,0.12513398530002381,0.5490631307010532,0.3997403706248712,0.3900672625421792,0.25010718824001904,34.948673482666194,0.4456223694350702,0.6917435847286293,1.0713586324350586,0.40650618708880853,0.4937256665001155,delta
20260528-104617_bench_real_rest_60s,bench_real_rest_60s,0,51.712,0.0,0.0,bad,False,0.09443746733248601,0.42954214007532676,0.5453477986515984,0.0951018288280181,0.5372879793328005,0.42380268167490215,0.3684511195320562,0.22608146306241447,40.28984325856053,0.3059148489504059,0.765746710668813,1.52543633410348,0.37596117685653996,0.5362075762950259,beta
20260528-104617_bench_real_rest_60s,bench_real_rest_60s,0,51.968,0.0,0.0,bad,False,0.07177247517268937,0.44645202645724835,0.5344643269752147,0.07227738990929375,0.5283388642929283,0.44209003807292563,0.35202285084436274,0.20782191192743502,80.27025933985556,0.17078853897274412,0.85412520426174,1.3445877910582054,0.3781682635258842,0.5657460932392895,beta
20260528-104617_bench_real_rest_60s,bench_real_rest_60s,0,52.224,0.0,0.0,bad,False,0.054547081131243916,0.45930354010750873,0.5261928885011632,0.05493081633106325,0.5215375368626255,0.45598842893542346,0.3395373666417157,0.19394465306485062,66.95040884441197,0.21611323279377495,0.8222918499952757,1.2362496740296982,0.27922997252841497,0.6425317652557669,beta
20260528-104617_bench_real_rest_60s,bench_real_rest_60s,0,52.48,0.0,0.0,bad,False,0.041455781659745373,0.46907069048170663,0.519906595260884,0.04174742041160807,0.5163685280155954,0.4665512059909218,0.3300483986477039,0.18339793632928647,84.59403782855051,0.1514329210168446,0.8684830716102621,1.169816868002936,0.3112468851149471,0.6265571326656286,beta
20260528-104617_bench_real_rest_60s,bench_real_rest_60s,0,52.736,0.0,0.0,bad,False,0.031506394061406484,0.476493724766097,0.5151290123982719,0.03172803951282213,0.5124400812918526,0.4745789165531006,0.322836782972255,0.1753824316102577,83.43117678100023,0.14553851528394124,0.8729518795358434,1.273893193253118,0.35186763030804835,0.5899599127885837,beta
20260528-104617_bench_real_rest_60s,bench_real_rest_60s,0,52.992,0.0,0.0,bad,False,0.02394485948666893,0.48213523082223375,0.5114980494226866,0.02411331002974482,0.509454461781808,0.48067997658035644,0.3173559550589138,0.16929064802379587,85.43852964906765,0.12048476244171001,0.8924708603966938,1.8485297568308858,0.38709626118050056,0.5653674109400106,beta
